path,label,score,pred_at_bestF1
pose_out_dcsass/Shoplifting025_x264/track_32.npy,1,0.569572,1
pose_out_dcsass/Shoplifting025_x264/track_33.npy,1,0.567058,1
pose_out_dcsass/Shoplifting025_x264/track_24.npy,1,0.566065,1
pose_out_dcsass/Shoplifting025_x264/track_30.npy,1,0.551624,1
pose_out_dcsass/Shoplifting025_x264/track_18.npy,1,0.559471,1
pose_out_dcsass/Shoplifting025_x264/track_20.npy,1,0.552049,1
pose_out_dcsass/Shoplifting025_x264/track_21.npy,1,0.555617,1
pose_out_dcsass/Shoplifting025_x264/track_35.npy,1,0.557389,1
pose_out_dcsass/Shoplifting025_x264/track_37.npy,1,0.550329,1
pose_out_dcsass/Shoplifting025_x264/track_36.npy,1,0.560520,1
pose_out_dcsass/Shoplifting025_x264/track_2.npy,1,0.565741,1
pose_out_dcsass/Shoplifting025_x264/track_51.npy,1,0.557631,1
pose_out_dcsass/Shoplifting025_x264/track_50.npy,1,0.556795,1
pose_out_dcsass/Shoplifting025_x264/track_44.npy,1,0.567309,1
pose_out_dcsass/Shoplifting025_x264/track_3.npy,1,0.551150,1
pose_out_dcsass/Shoplifting025_x264/track_1.npy,1,0.561812,1
pose_out_dcsass/Shoplifting025_x264/track_52.npy,1,0.552027,1
pose_out_dcsass/Shoplifting025_x264/track_46.npy,1,0.564152,1
pose_out_dcsass/Shoplifting025_x264/track_4.npy,1,0.558475,1
pose_out_dcsass/Shoplifting025_x264/track_5.npy,1,0.554998,1
pose_out_dcsass/Shoplifting025_x264/track_40.npy,1,0.565252,1
pose_out_dcsass/Shoplifting025_x264/track_6.npy,1,0.552382,1
pose_out_dcsass/Shoplifting025_x264/track_8.npy,1,0.554097,1
pose_out_dcsass/Shoplifting025_x264/track_9.npy,1,0.573161,1
pose_out_dcsass/Shoplifting025_x264/track_49.npy,1,0.543620,1
pose_out_dcsass/Shoplifting025_x264/track_48.npy,1,0.556988,1
pose_out_dcsass/Shoplifting025_x264/track_10.npy,1,0.557850,1
pose_out_dcsass/Shoplifting025_x264/track_39.npy,1,0.550131,1
pose_out_dcsass/Shoplifting025_x264/track_28.npy,1,0.552799,1
pose_out_dcsass/Shoplifting025_x264/track_14.npy,1,0.573889,1
pose_out_dcsass/Shoplifting025_x264/track_16.npy,1,0.549296,1
pose_out_dcsass/Shoplifting009_x264/track_261.npy,1,0.561080,1
pose_out_dcsass/Shoplifting009_x264/track_275.npy,1,0.554646,1
pose_out_dcsass/Shoplifting009_x264/track_329.npy,1,0.545884,1
pose_out_dcsass/Shoplifting009_x264/track_315.npy,1,0.573402,1
pose_out_dcsass/Shoplifting009_x264/track_117.npy,1,0.568262,1
pose_out_dcsass/Shoplifting009_x264/track_116.npy,1,0.566352,1
pose_out_dcsass/Shoplifting009_x264/track_33.npy,1,0.558361,1
pose_out_dcsass/Shoplifting009_x264/track_260.npy,1,0.548037,1
pose_out_dcsass/Shoplifting009_x264/track_248.npy,1,0.552567,1
pose_out_dcsass/Shoplifting009_x264/track_289.npy,1,0.557607,1
pose_out_dcsass/Shoplifting009_x264/track_276.npy,1,0.556052,1
pose_out_dcsass/Shoplifting009_x264/track_25.npy,1,0.543506,1
pose_out_dcsass/Shoplifting009_x264/track_100.npy,1,0.552411,1
pose_out_dcsass/Shoplifting009_x264/track_101.npy,1,0.554978,1
pose_out_dcsass/Shoplifting009_x264/track_129.npy,1,0.565209,1
pose_out_dcsass/Shoplifting009_x264/track_24.npy,1,0.565685,1
pose_out_dcsass/Shoplifting009_x264/track_30.npy,1,0.564937,1
pose_out_dcsass/Shoplifting009_x264/track_18.npy,1,0.560956,1
pose_out_dcsass/Shoplifting009_x264/track_303.npy,1,0.557027,1
pose_out_dcsass/Shoplifting009_x264/track_263.npy,1,0.555969,1
pose_out_dcsass/Shoplifting009_x264/track_298.npy,1,0.544595,1
pose_out_dcsass/Shoplifting009_x264/track_313.npy,1,0.559796,1
pose_out_dcsass/Shoplifting009_x264/track_34.npy,1,0.560821,1
pose_out_dcsass/Shoplifting009_x264/track_105.npy,1,0.547501,1
pose_out_dcsass/Shoplifting009_x264/track_111.npy,1,0.549043,1
pose_out_dcsass/Shoplifting009_x264/track_138.npy,1,0.564498,1
pose_out_dcsass/Shoplifting009_x264/track_110.npy,1,0.556898,1
pose_out_dcsass/Shoplifting009_x264/track_21.npy,1,0.560374,1
pose_out_dcsass/Shoplifting009_x264/track_35.npy,1,0.557811,1
pose_out_dcsass/Shoplifting009_x264/track_312.npy,1,0.556843,1
pose_out_dcsass/Shoplifting009_x264/track_272.npy,1,0.563177,1
pose_out_dcsass/Shoplifting009_x264/track_299.npy,1,0.545334,1
pose_out_dcsass/Shoplifting009_x264/track_264.npy,1,0.543818,1
pose_out_dcsass/Shoplifting009_x264/track_270.npy,1,0.552603,1
pose_out_dcsass/Shoplifting009_x264/track_310.npy,1,0.553288,1
pose_out_dcsass/Shoplifting009_x264/track_338.npy,1,0.552443,1
pose_out_dcsass/Shoplifting009_x264/track_37.npy,1,0.556772,1
pose_out_dcsass/Shoplifting009_x264/track_112.npy,1,0.574159,1
pose_out_dcsass/Shoplifting009_x264/track_107.npy,1,0.576126,1
pose_out_dcsass/Shoplifting009_x264/track_22.npy,1,0.553127,1
pose_out_dcsass/Shoplifting009_x264/track_339.npy,1,0.558645,1
pose_out_dcsass/Shoplifting009_x264/track_259.npy,1,0.554314,1
pose_out_dcsass/Shoplifting009_x264/track_271.npy,1,0.558495,1
pose_out_dcsass/Shoplifting009_x264/track_2.npy,1,0.563472,1
pose_out_dcsass/Shoplifting009_x264/track_79.npy,1,0.545159,1
pose_out_dcsass/Shoplifting009_x264/track_45.npy,1,0.581229,1
pose_out_dcsass/Shoplifting009_x264/track_51.npy,1,0.555134,1
pose_out_dcsass/Shoplifting009_x264/track_86.npy,1,0.554269,1
pose_out_dcsass/Shoplifting009_x264/track_87.npy,1,0.552515,1
pose_out_dcsass/Shoplifting009_x264/track_149.npy,1,0.561577,1
pose_out_dcsass/Shoplifting009_x264/track_1.npy,1,0.575270,1
pose_out_dcsass/Shoplifting009_x264/track_229.npy,1,0.559316,1
pose_out_dcsass/Shoplifting009_x264/track_215.npy,1,0.557915,1
pose_out_dcsass/Shoplifting009_x264/track_349.npy,1,0.552654,1
pose_out_dcsass/Shoplifting009_x264/track_52.npy,1,0.560084,1
pose_out_dcsass/Shoplifting009_x264/track_176.npy,1,0.560755,1
pose_out_dcsass/Shoplifting009_x264/track_84.npy,1,0.564869,1
pose_out_dcsass/Shoplifting009_x264/track_47.npy,1,0.555891,1
pose_out_dcsass/Shoplifting009_x264/track_189.npy,1,0.559552,1
pose_out_dcsass/Shoplifting009_x264/track_348.npy,1,0.550586,1
pose_out_dcsass/Shoplifting009_x264/track_200.npy,1,0.545549,1
pose_out_dcsass/Shoplifting009_x264/track_228.npy,1,0.551109,1
pose_out_dcsass/Shoplifting009_x264/track_358.npy,1,0.578389,1
pose_out_dcsass/Shoplifting009_x264/track_57.npy,1,0.562335,1
pose_out_dcsass/Shoplifting009_x264/track_199.npy,1,0.555313,1
pose_out_dcsass/Shoplifting009_x264/track_94.npy,1,0.557023,1
pose_out_dcsass/Shoplifting009_x264/track_95.npy,1,0.553187,1
pose_out_dcsass/Shoplifting009_x264/track_42.npy,1,0.555069,1
pose_out_dcsass/Shoplifting009_x264/track_205.npy,1,0.555121,1
pose_out_dcsass/Shoplifting009_x264/track_211.npy,1,0.554896,1
pose_out_dcsass/Shoplifting009_x264/track_207.npy,1,0.550875,1
pose_out_dcsass/Shoplifting009_x264/track_213.npy,1,0.546199,1
pose_out_dcsass/Shoplifting009_x264/track_54.npy,1,0.563403,1
pose_out_dcsass/Shoplifting009_x264/track_83.npy,1,0.561807,1
pose_out_dcsass/Shoplifting009_x264/track_165.npy,1,0.558978,1
pose_out_dcsass/Shoplifting009_x264/track_97.npy,1,0.562292,1
pose_out_dcsass/Shoplifting009_x264/track_158.npy,1,0.557941,1
pose_out_dcsass/Shoplifting009_x264/track_96.npy,1,0.567821,1
pose_out_dcsass/Shoplifting009_x264/track_164.npy,1,0.552246,1
pose_out_dcsass/Shoplifting009_x264/track_170.npy,1,0.575458,1
pose_out_dcsass/Shoplifting009_x264/track_212.npy,1,0.556904,1
pose_out_dcsass/Shoplifting009_x264/track_206.npy,1,0.566503,1
pose_out_dcsass/Shoplifting009_x264/track_343.npy,1,0.558446,1
pose_out_dcsass/Shoplifting009_x264/track_140.npy,1,0.551370,1
pose_out_dcsass/Shoplifting009_x264/track_154.npy,1,0.553088,1
pose_out_dcsass/Shoplifting009_x264/track_183.npy,1,0.555246,1
pose_out_dcsass/Shoplifting009_x264/track_197.npy,1,0.550529,1
pose_out_dcsass/Shoplifting009_x264/track_65.npy,1,0.548588,1
pose_out_dcsass/Shoplifting009_x264/track_342.npy,1,0.551971,1
pose_out_dcsass/Shoplifting009_x264/track_236.npy,1,0.562262,1
pose_out_dcsass/Shoplifting009_x264/track_222.npy,1,0.565761,1
pose_out_dcsass/Shoplifting009_x264/track_8.npy,1,0.554415,1
pose_out_dcsass/Shoplifting009_x264/track_220.npy,1,0.561777,1
pose_out_dcsass/Shoplifting009_x264/track_340.npy,1,0.565139,1
pose_out_dcsass/Shoplifting009_x264/track_142.npy,1,0.554543,1
pose_out_dcsass/Shoplifting009_x264/track_156.npy,1,0.543401,1
pose_out_dcsass/Shoplifting009_x264/track_180.npy,1,0.550957,1
pose_out_dcsass/Shoplifting009_x264/track_221.npy,1,0.565810,1
pose_out_dcsass/Shoplifting009_x264/track_235.npy,1,0.559437,1
pose_out_dcsass/Shoplifting009_x264/track_209.npy,1,0.561335,1
pose_out_dcsass/Shoplifting009_x264/track_9.npy,1,0.547698,1
pose_out_dcsass/Shoplifting009_x264/track_225.npy,1,0.549514,1
pose_out_dcsass/Shoplifting009_x264/track_219.npy,1,0.549819,1
pose_out_dcsass/Shoplifting009_x264/track_76.npy,1,0.569229,1
pose_out_dcsass/Shoplifting009_x264/track_190.npy,1,0.552864,1
pose_out_dcsass/Shoplifting009_x264/track_147.npy,1,0.549200,1
pose_out_dcsass/Shoplifting009_x264/track_88.npy,1,0.554895,1
pose_out_dcsass/Shoplifting009_x264/track_152.npy,1,0.559232,1
pose_out_dcsass/Shoplifting009_x264/track_63.npy,1,0.555097,1
pose_out_dcsass/Shoplifting009_x264/track_185.npy,1,0.553370,1
pose_out_dcsass/Shoplifting009_x264/track_350.npy,1,0.554529,1
pose_out_dcsass/Shoplifting009_x264/track_344.npy,1,0.559646,1
pose_out_dcsass/Shoplifting009_x264/track_218.npy,1,0.554018,1
pose_out_dcsass/Shoplifting009_x264/track_224.npy,1,0.560707,1
pose_out_dcsass/Shoplifting009_x264/track_232.npy,1,0.563680,1
pose_out_dcsass/Shoplifting009_x264/track_346.npy,1,0.552370,1
pose_out_dcsass/Shoplifting009_x264/track_193.npy,1,0.568917,1
pose_out_dcsass/Shoplifting009_x264/track_187.npy,1,0.570879,1
pose_out_dcsass/Shoplifting009_x264/track_75.npy,1,0.560222,1
pose_out_dcsass/Shoplifting009_x264/track_49.npy,1,0.575197,1
pose_out_dcsass/Shoplifting009_x264/track_144.npy,1,0.563072,1
pose_out_dcsass/Shoplifting009_x264/track_179.npy,1,0.557385,1
pose_out_dcsass/Shoplifting009_x264/track_145.npy,1,0.550715,1
pose_out_dcsass/Shoplifting009_x264/track_186.npy,1,0.553549,1
pose_out_dcsass/Shoplifting009_x264/track_192.npy,1,0.561955,1
pose_out_dcsass/Shoplifting009_x264/track_347.npy,1,0.566917,1
pose_out_dcsass/Shoplifting009_x264/track_353.npy,1,0.570635,1
pose_out_dcsass/Shoplifting009_x264/track_283.npy,1,0.560030,1
pose_out_dcsass/Shoplifting009_x264/track_268.npy,1,0.566189,1
pose_out_dcsass/Shoplifting009_x264/track_240.npy,1,0.564490,1
pose_out_dcsass/Shoplifting009_x264/track_254.npy,1,0.564106,1
pose_out_dcsass/Shoplifting009_x264/track_308.npy,1,0.557124,1
pose_out_dcsass/Shoplifting009_x264/track_334.npy,1,0.545146,1
pose_out_dcsass/Shoplifting009_x264/track_122.npy,1,0.546786,1
pose_out_dcsass/Shoplifting009_x264/track_123.npy,1,0.570583,1
pose_out_dcsass/Shoplifting009_x264/track_321.npy,1,0.562039,1
pose_out_dcsass/Shoplifting009_x264/track_309.npy,1,0.557124,1
pose_out_dcsass/Shoplifting009_x264/track_255.npy,1,0.552718,1
pose_out_dcsass/Shoplifting009_x264/track_269.npy,1,0.560390,1
pose_out_dcsass/Shoplifting009_x264/track_294.npy,1,0.566393,1
pose_out_dcsass/Shoplifting009_x264/track_280.npy,1,0.560055,1
pose_out_dcsass/Shoplifting009_x264/track_257.npy,1,0.561463,1
pose_out_dcsass/Shoplifting009_x264/track_337.npy,1,0.564330,1
pose_out_dcsass/Shoplifting009_x264/track_38.npy,1,0.561099,1
pose_out_dcsass/Shoplifting009_x264/track_10.npy,1,0.544589,1
pose_out_dcsass/Shoplifting009_x264/track_121.npy,1,0.553775,1
pose_out_dcsass/Shoplifting009_x264/track_108.npy,1,0.546626,1
pose_out_dcsass/Shoplifting009_x264/track_336.npy,1,0.563542,1
pose_out_dcsass/Shoplifting009_x264/track_256.npy,1,0.556030,1
pose_out_dcsass/Shoplifting009_x264/track_295.npy,1,0.558505,1
pose_out_dcsass/Shoplifting009_x264/track_291.npy,1,0.555209,1
pose_out_dcsass/Shoplifting009_x264/track_252.npy,1,0.547948,1
pose_out_dcsass/Shoplifting009_x264/track_246.npy,1,0.549933,1
pose_out_dcsass/Shoplifting009_x264/track_326.npy,1,0.567651,1
pose_out_dcsass/Shoplifting009_x264/track_332.npy,1,0.570303,1
pose_out_dcsass/Shoplifting009_x264/track_124.npy,1,0.541414,1
pose_out_dcsass/Shoplifting009_x264/track_14.npy,1,0.559031,1
pose_out_dcsass/Shoplifting009_x264/track_253.npy,1,0.546392,1
pose_out_dcsass/Shoplifting009_x264/track_284.npy,1,0.558266,1
pose_out_dcsass/Shoplifting009_x264/track_286.npy,1,0.549263,1
pose_out_dcsass/Shoplifting009_x264/track_292.npy,1,0.554225,1
pose_out_dcsass/Shoplifting009_x264/track_245.npy,1,0.554169,1
pose_out_dcsass/Shoplifting009_x264/track_251.npy,1,0.562108,1
pose_out_dcsass/Shoplifting009_x264/track_279.npy,1,0.558095,1
pose_out_dcsass/Shoplifting009_x264/track_331.npy,1,0.559191,1
pose_out_dcsass/Shoplifting009_x264/track_325.npy,1,0.563706,1
pose_out_dcsass/Shoplifting009_x264/track_319.npy,1,0.547086,1
pose_out_dcsass/Shoplifting009_x264/track_16.npy,1,0.560493,1
pose_out_dcsass/Shoplifting009_x264/track_133.npy,1,0.557424,1
pose_out_dcsass/Shoplifting009_x264/track_126.npy,1,0.559701,1
pose_out_dcsass/Shoplifting009_x264/track_132.npy,1,0.554193,1
pose_out_dcsass/Shoplifting009_x264/track_17.npy,1,0.560531,1
pose_out_dcsass/Shoplifting009_x264/track_330.npy,1,0.572624,1
pose_out_dcsass/Shoplifting009_x264/track_250.npy,1,0.560465,1
pose_out_dcsass/Shoplifting009_x264/track_244.npy,1,0.558318,1
pose_out_dcsass/Shoplifting009_x264/track_293.npy,1,0.555487,1
pose_out_dcsass/Shoplifting009_x264/track_287.npy,1,0.560829,1
pose_out_dcsass/Shoplifting048_x264/track_261.npy,1,0.557492,1
pose_out_dcsass/Shoplifting048_x264/track_102.npy,1,0.574040,1
pose_out_dcsass/Shoplifting048_x264/track_116.npy,1,0.555774,1
pose_out_dcsass/Shoplifting048_x264/track_27.npy,1,0.561133,1
pose_out_dcsass/Shoplifting048_x264/track_260.npy,1,0.555210,1
pose_out_dcsass/Shoplifting048_x264/track_276.npy,1,0.543123,1
pose_out_dcsass/Shoplifting048_x264/track_19.npy,1,0.547140,1
pose_out_dcsass/Shoplifting048_x264/track_25.npy,1,0.554431,1
pose_out_dcsass/Shoplifting048_x264/track_128.npy,1,0.557138,1
pose_out_dcsass/Shoplifting048_x264/track_24.npy,1,0.551606,1
pose_out_dcsass/Shoplifting048_x264/track_30.npy,1,0.555097,1
pose_out_dcsass/Shoplifting048_x264/track_18.npy,1,0.555131,1
pose_out_dcsass/Shoplifting048_x264/track_263.npy,1,0.563718,1
pose_out_dcsass/Shoplifting048_x264/track_277.npy,1,0.544423,1
pose_out_dcsass/Shoplifting048_x264/track_273.npy,1,0.543138,1
pose_out_dcsass/Shoplifting048_x264/track_105.npy,1,0.572637,1
pose_out_dcsass/Shoplifting048_x264/track_111.npy,1,0.560761,1
pose_out_dcsass/Shoplifting048_x264/track_104.npy,1,0.571309,1
pose_out_dcsass/Shoplifting048_x264/track_272.npy,1,0.549999,1
pose_out_dcsass/Shoplifting048_x264/track_23.npy,1,0.547893,1
pose_out_dcsass/Shoplifting048_x264/track_112.npy,1,0.559985,1
pose_out_dcsass/Shoplifting048_x264/track_113.npy,1,0.547162,1
pose_out_dcsass/Shoplifting048_x264/track_36.npy,1,0.552186,1
pose_out_dcsass/Shoplifting048_x264/track_259.npy,1,0.554798,1
pose_out_dcsass/Shoplifting048_x264/track_265.npy,1,0.544859,1
pose_out_dcsass/Shoplifting048_x264/track_2.npy,1,0.539787,1
pose_out_dcsass/Shoplifting048_x264/track_216.npy,1,0.557254,1
pose_out_dcsass/Shoplifting048_x264/track_45.npy,1,0.556041,1
pose_out_dcsass/Shoplifting048_x264/track_148.npy,1,0.570203,1
pose_out_dcsass/Shoplifting048_x264/track_174.npy,1,0.562703,1
pose_out_dcsass/Shoplifting048_x264/track_161.npy,1,0.576461,1
pose_out_dcsass/Shoplifting048_x264/track_50.npy,1,0.560472,1
pose_out_dcsass/Shoplifting048_x264/track_3.npy,1,0.545913,1
pose_out_dcsass/Shoplifting048_x264/track_1.npy,1,0.537672,1
pose_out_dcsass/Shoplifting048_x264/track_229.npy,1,0.569323,1
pose_out_dcsass/Shoplifting048_x264/track_215.npy,1,0.558135,1
pose_out_dcsass/Shoplifting048_x264/track_163.npy,1,0.562931,1
pose_out_dcsass/Shoplifting048_x264/track_85.npy,1,0.561625,1
pose_out_dcsass/Shoplifting048_x264/track_84.npy,1,0.555483,1
pose_out_dcsass/Shoplifting048_x264/track_47.npy,1,0.542891,1
pose_out_dcsass/Shoplifting048_x264/track_200.npy,1,0.568921,1
pose_out_dcsass/Shoplifting048_x264/track_214.npy,1,0.565512,1
pose_out_dcsass/Shoplifting048_x264/track_228.npy,1,0.554016,1
pose_out_dcsass/Shoplifting048_x264/track_4.npy,1,0.563547,1
pose_out_dcsass/Shoplifting048_x264/track_204.npy,1,0.551490,1
pose_out_dcsass/Shoplifting048_x264/track_238.npy,1,0.554356,1
pose_out_dcsass/Shoplifting048_x264/track_199.npy,1,0.554506,1
pose_out_dcsass/Shoplifting048_x264/track_94.npy,1,0.572224,1
pose_out_dcsass/Shoplifting048_x264/track_173.npy,1,0.557058,1
pose_out_dcsass/Shoplifting048_x264/track_95.npy,1,0.557693,1
pose_out_dcsass/Shoplifting048_x264/track_239.npy,1,0.548749,1
pose_out_dcsass/Shoplifting048_x264/track_205.npy,1,0.566058,1
pose_out_dcsass/Shoplifting048_x264/track_5.npy,1,0.535580,1
pose_out_dcsass/Shoplifting048_x264/track_7.npy,1,0.552265,1
pose_out_dcsass/Shoplifting048_x264/track_207.npy,1,0.560964,1
pose_out_dcsass/Shoplifting048_x264/track_213.npy,1,0.573378,1
pose_out_dcsass/Shoplifting048_x264/track_68.npy,1,0.555392,1
pose_out_dcsass/Shoplifting048_x264/track_171.npy,1,0.574583,1
pose_out_dcsass/Shoplifting048_x264/track_165.npy,1,0.555610,1
pose_out_dcsass/Shoplifting048_x264/track_158.npy,1,0.565762,1
pose_out_dcsass/Shoplifting048_x264/track_82.npy,1,0.566171,1
pose_out_dcsass/Shoplifting048_x264/track_69.npy,1,0.563475,1
pose_out_dcsass/Shoplifting048_x264/track_6.npy,1,0.550672,1
pose_out_dcsass/Shoplifting048_x264/track_223.npy,1,0.549854,1
pose_out_dcsass/Shoplifting048_x264/track_64.npy,1,0.555434,1
pose_out_dcsass/Shoplifting048_x264/track_155.npy,1,0.560936,1
pose_out_dcsass/Shoplifting048_x264/track_141.npy,1,0.571433,1
pose_out_dcsass/Shoplifting048_x264/track_140.npy,1,0.565660,1
pose_out_dcsass/Shoplifting048_x264/track_71.npy,1,0.560731,1
pose_out_dcsass/Shoplifting048_x264/track_65.npy,1,0.565774,1
pose_out_dcsass/Shoplifting048_x264/track_236.npy,1,0.541323,1
pose_out_dcsass/Shoplifting048_x264/track_222.npy,1,0.576510,1
pose_out_dcsass/Shoplifting048_x264/track_220.npy,1,0.561345,1
pose_out_dcsass/Shoplifting048_x264/track_67.npy,1,0.550957,1
pose_out_dcsass/Shoplifting048_x264/track_195.npy,1,0.571790,1
pose_out_dcsass/Shoplifting048_x264/track_194.npy,1,0.580247,1
pose_out_dcsass/Shoplifting048_x264/track_231.npy,1,0.562888,1
pose_out_dcsass/Shoplifting048_x264/track_225.npy,1,0.574516,1
pose_out_dcsass/Shoplifting048_x264/track_184.npy,1,0.566108,1
pose_out_dcsass/Shoplifting048_x264/track_62.npy,1,0.555375,1
pose_out_dcsass/Shoplifting048_x264/track_191.npy,1,0.553386,1
pose_out_dcsass/Shoplifting048_x264/track_63.npy,1,0.551644,1
pose_out_dcsass/Shoplifting048_x264/track_185.npy,1,0.566271,1
pose_out_dcsass/Shoplifting048_x264/track_224.npy,1,0.543290,1
pose_out_dcsass/Shoplifting048_x264/track_226.npy,1,0.565729,1
pose_out_dcsass/Shoplifting048_x264/track_232.npy,1,0.562678,1
pose_out_dcsass/Shoplifting048_x264/track_61.npy,1,0.576515,1
pose_out_dcsass/Shoplifting048_x264/track_187.npy,1,0.569099,1
pose_out_dcsass/Shoplifting048_x264/track_179.npy,1,0.551795,1
pose_out_dcsass/Shoplifting048_x264/track_145.npy,1,0.567911,1
pose_out_dcsass/Shoplifting048_x264/track_151.npy,1,0.567238,1
pose_out_dcsass/Shoplifting048_x264/track_192.npy,1,0.560739,1
pose_out_dcsass/Shoplifting048_x264/track_60.npy,1,0.558232,1
pose_out_dcsass/Shoplifting048_x264/track_233.npy,1,0.567959,1
pose_out_dcsass/Shoplifting048_x264/track_227.npy,1,0.561738,1
pose_out_dcsass/Shoplifting048_x264/track_254.npy,1,0.548973,1
pose_out_dcsass/Shoplifting048_x264/track_13.npy,1,0.555849,1
pose_out_dcsass/Shoplifting048_x264/track_136.npy,1,0.568012,1
pose_out_dcsass/Shoplifting048_x264/track_122.npy,1,0.568286,1
pose_out_dcsass/Shoplifting048_x264/track_255.npy,1,0.556172,1
pose_out_dcsass/Shoplifting048_x264/track_257.npy,1,0.553219,1
pose_out_dcsass/Shoplifting048_x264/track_38.npy,1,0.555589,1
pose_out_dcsass/Shoplifting048_x264/track_135.npy,1,0.564349,1
pose_out_dcsass/Shoplifting048_x264/track_120.npy,1,0.552041,1
pose_out_dcsass/Shoplifting048_x264/track_108.npy,1,0.569967,1
pose_out_dcsass/Shoplifting048_x264/track_11.npy,1,0.564871,1
pose_out_dcsass/Shoplifting048_x264/track_256.npy,1,0.565919,1
pose_out_dcsass/Shoplifting048_x264/track_285.npy,1,0.536563,1
pose_out_dcsass/Shoplifting048_x264/track_252.npy,1,0.552679,1
pose_out_dcsass/Shoplifting048_x264/track_246.npy,1,0.577970,1
pose_out_dcsass/Shoplifting048_x264/track_15.npy,1,0.564080,1
pose_out_dcsass/Shoplifting048_x264/track_119.npy,1,0.554263,1
pose_out_dcsass/Shoplifting048_x264/track_253.npy,1,0.562975,1
pose_out_dcsass/Shoplifting048_x264/track_284.npy,1,0.547624,1
pose_out_dcsass/Shoplifting048_x264/track_127.npy,1,0.571572,1
pose_out_dcsass/Shoplifting048_x264/track_126.npy,1,0.574034,1
pose_out_dcsass/Shoplifting048_x264/track_250.npy,1,0.566132,1
pose_out_dcsass/Shoplifting048_x264/track_244.npy,1,0.565683,1
pose_out_dcsass/Shoplifting005_x264/track_19.npy,1,0.548010,1
pose_out_dcsass/Shoplifting005_x264/track_25.npy,1,0.561362,1
pose_out_dcsass/Shoplifting005_x264/track_24.npy,1,0.546218,1
pose_out_dcsass/Shoplifting005_x264/track_30.npy,1,0.553294,1
pose_out_dcsass/Shoplifting005_x264/track_20.npy,1,0.550842,1
pose_out_dcsass/Shoplifting005_x264/track_21.npy,1,0.555321,1
pose_out_dcsass/Shoplifting005_x264/track_23.npy,1,0.556242,1
pose_out_dcsass/Shoplifting005_x264/track_2.npy,1,0.559531,1
pose_out_dcsass/Shoplifting005_x264/track_3.npy,1,0.559418,1
pose_out_dcsass/Shoplifting005_x264/track_1.npy,1,0.548164,1
pose_out_dcsass/Shoplifting005_x264/track_4.npy,1,0.552055,1
pose_out_dcsass/Shoplifting005_x264/track_7.npy,1,0.566169,1
pose_out_dcsass/Shoplifting005_x264/track_6.npy,1,0.547605,1
pose_out_dcsass/Shoplifting005_x264/track_8.npy,1,0.553762,1
pose_out_dcsass/Shoplifting005_x264/track_9.npy,1,0.548629,1
pose_out_dcsass/Shoplifting005_x264/track_13.npy,1,0.548699,1
pose_out_dcsass/Shoplifting005_x264/track_10.npy,1,0.555690,1
pose_out_dcsass/Shoplifting005_x264/track_11.npy,1,0.544680,1
pose_out_dcsass/Shoplifting005_x264/track_29.npy,1,0.553789,1
pose_out_dcsass/Shoplifting005_x264/track_28.npy,1,0.555323,1
pose_out_dcsass/Shoplifting005_x264/track_17.npy,1,0.542374,1
pose_out_dcsass/Shoplifting013_x264/track_26.npy,1,0.557054,1
pose_out_dcsass/Shoplifting013_x264/track_33.npy,1,0.549322,1
pose_out_dcsass/Shoplifting013_x264/track_27.npy,1,0.546968,1
pose_out_dcsass/Shoplifting013_x264/track_19.npy,1,0.558451,1
pose_out_dcsass/Shoplifting013_x264/track_31.npy,1,0.554840,1
pose_out_dcsass/Shoplifting013_x264/track_25.npy,1,0.553230,1
pose_out_dcsass/Shoplifting013_x264/track_24.npy,1,0.531110,1
pose_out_dcsass/Shoplifting013_x264/track_30.npy,1,0.546458,1
pose_out_dcsass/Shoplifting013_x264/track_18.npy,1,0.544959,1
pose_out_dcsass/Shoplifting013_x264/track_34.npy,1,0.558868,1
pose_out_dcsass/Shoplifting013_x264/track_21.npy,1,0.532849,1
pose_out_dcsass/Shoplifting013_x264/track_35.npy,1,0.552783,1
pose_out_dcsass/Shoplifting013_x264/track_23.npy,1,0.553950,1
pose_out_dcsass/Shoplifting013_x264/track_37.npy,1,0.536455,1
pose_out_dcsass/Shoplifting013_x264/track_36.npy,1,0.560895,1
pose_out_dcsass/Shoplifting013_x264/track_2.npy,1,0.541329,1
pose_out_dcsass/Shoplifting013_x264/track_45.npy,1,0.549021,1
pose_out_dcsass/Shoplifting013_x264/track_51.npy,1,0.549042,1
pose_out_dcsass/Shoplifting013_x264/track_86.npy,1,0.562206,1
pose_out_dcsass/Shoplifting013_x264/track_87.npy,1,0.574175,1
pose_out_dcsass/Shoplifting013_x264/track_50.npy,1,0.553127,1
pose_out_dcsass/Shoplifting013_x264/track_3.npy,1,0.538560,1
pose_out_dcsass/Shoplifting013_x264/track_1.npy,1,0.535586,1
pose_out_dcsass/Shoplifting013_x264/track_52.npy,1,0.548416,1
pose_out_dcsass/Shoplifting013_x264/track_46.npy,1,0.555493,1
pose_out_dcsass/Shoplifting013_x264/track_85.npy,1,0.547778,1
pose_out_dcsass/Shoplifting013_x264/track_47.npy,1,0.551372,1
pose_out_dcsass/Shoplifting013_x264/track_57.npy,1,0.545112,1
pose_out_dcsass/Shoplifting013_x264/track_43.npy,1,0.537470,1
pose_out_dcsass/Shoplifting013_x264/track_80.npy,1,0.550618,1
pose_out_dcsass/Shoplifting013_x264/track_81.npy,1,0.568059,1
pose_out_dcsass/Shoplifting013_x264/track_42.npy,1,0.549822,1
pose_out_dcsass/Shoplifting013_x264/track_56.npy,1,0.532783,1
pose_out_dcsass/Shoplifting013_x264/track_5.npy,1,0.547772,1
pose_out_dcsass/Shoplifting013_x264/track_40.npy,1,0.558951,1
pose_out_dcsass/Shoplifting013_x264/track_68.npy,1,0.552102,1
pose_out_dcsass/Shoplifting013_x264/track_83.npy,1,0.554258,1
pose_out_dcsass/Shoplifting013_x264/track_82.npy,1,0.542793,1
pose_out_dcsass/Shoplifting013_x264/track_55.npy,1,0.535763,1
pose_out_dcsass/Shoplifting013_x264/track_41.npy,1,0.552164,1
pose_out_dcsass/Shoplifting013_x264/track_6.npy,1,0.556088,1
pose_out_dcsass/Shoplifting013_x264/track_64.npy,1,0.539032,1
pose_out_dcsass/Shoplifting013_x264/track_71.npy,1,0.538679,1
pose_out_dcsass/Shoplifting013_x264/track_65.npy,1,0.524309,1
pose_out_dcsass/Shoplifting013_x264/track_59.npy,1,0.552770,1
pose_out_dcsass/Shoplifting013_x264/track_8.npy,1,0.554537,1
pose_out_dcsass/Shoplifting013_x264/track_67.npy,1,0.553900,1
pose_out_dcsass/Shoplifting013_x264/track_66.npy,1,0.533628,1
pose_out_dcsass/Shoplifting013_x264/track_72.npy,1,0.552052,1
pose_out_dcsass/Shoplifting013_x264/track_76.npy,1,0.552026,1
pose_out_dcsass/Shoplifting013_x264/track_89.npy,1,0.551486,1
pose_out_dcsass/Shoplifting013_x264/track_88.npy,1,0.537960,1
pose_out_dcsass/Shoplifting013_x264/track_77.npy,1,0.562210,1
pose_out_dcsass/Shoplifting013_x264/track_75.npy,1,0.533984,1
pose_out_dcsass/Shoplifting013_x264/track_49.npy,1,0.534381,1
pose_out_dcsass/Shoplifting013_x264/track_48.npy,1,0.542216,1
pose_out_dcsass/Shoplifting013_x264/track_60.npy,1,0.537054,1
pose_out_dcsass/Shoplifting013_x264/track_12.npy,1,0.556494,1
pose_out_dcsass/Shoplifting013_x264/track_38.npy,1,0.558414,1
pose_out_dcsass/Shoplifting013_x264/track_39.npy,1,0.537473,1
pose_out_dcsass/Shoplifting013_x264/track_15.npy,1,0.544634,1
pose_out_dcsass/Shoplifting013_x264/track_28.npy,1,0.550249,1
pose_out_dcsass/Shoplifting013_x264/track_16.npy,1,0.571943,1
pose_out_dcsass/Shoplifting013_x264/track_17.npy,1,0.548862,1
pose_out_dcsass/Shoplifting045_x264/track_26.npy,1,0.539544,1
pose_out_dcsass/Shoplifting045_x264/track_32.npy,1,0.557162,1
pose_out_dcsass/Shoplifting045_x264/track_33.npy,1,0.549372,1
pose_out_dcsass/Shoplifting045_x264/track_27.npy,1,0.558998,1
pose_out_dcsass/Shoplifting045_x264/track_19.npy,1,0.560542,1
pose_out_dcsass/Shoplifting045_x264/track_31.npy,1,0.553659,1
pose_out_dcsass/Shoplifting045_x264/track_25.npy,1,0.542253,1
pose_out_dcsass/Shoplifting045_x264/track_24.npy,1,0.555886,1
pose_out_dcsass/Shoplifting045_x264/track_30.npy,1,0.554591,1
pose_out_dcsass/Shoplifting045_x264/track_18.npy,1,0.543338,1
pose_out_dcsass/Shoplifting045_x264/track_34.npy,1,0.567676,1
pose_out_dcsass/Shoplifting045_x264/track_20.npy,1,0.554979,1
pose_out_dcsass/Shoplifting045_x264/track_21.npy,1,0.554706,1
pose_out_dcsass/Shoplifting045_x264/track_35.npy,1,0.563405,1
pose_out_dcsass/Shoplifting045_x264/track_23.npy,1,0.563438,1
pose_out_dcsass/Shoplifting045_x264/track_37.npy,1,0.541723,1
pose_out_dcsass/Shoplifting045_x264/track_36.npy,1,0.554420,1
pose_out_dcsass/Shoplifting045_x264/track_22.npy,1,0.557757,1
pose_out_dcsass/Shoplifting045_x264/track_2.npy,1,0.569598,1
pose_out_dcsass/Shoplifting045_x264/track_45.npy,1,0.574755,1
pose_out_dcsass/Shoplifting045_x264/track_51.npy,1,0.568268,1
pose_out_dcsass/Shoplifting045_x264/track_50.npy,1,0.556945,1
pose_out_dcsass/Shoplifting045_x264/track_44.npy,1,0.562516,1
pose_out_dcsass/Shoplifting045_x264/track_3.npy,1,0.561171,1
pose_out_dcsass/Shoplifting045_x264/track_1.npy,1,0.541797,1
pose_out_dcsass/Shoplifting045_x264/track_52.npy,1,0.561051,1
pose_out_dcsass/Shoplifting045_x264/track_46.npy,1,0.575445,1
pose_out_dcsass/Shoplifting045_x264/track_47.npy,1,0.550267,1
pose_out_dcsass/Shoplifting045_x264/track_53.npy,1,0.562195,1
pose_out_dcsass/Shoplifting045_x264/track_57.npy,1,0.560578,1
pose_out_dcsass/Shoplifting045_x264/track_43.npy,1,0.545752,1
pose_out_dcsass/Shoplifting045_x264/track_42.npy,1,0.547228,1
pose_out_dcsass/Shoplifting045_x264/track_56.npy,1,0.550839,1
pose_out_dcsass/Shoplifting045_x264/track_5.npy,1,0.554101,1
pose_out_dcsass/Shoplifting045_x264/track_7.npy,1,0.554231,1
pose_out_dcsass/Shoplifting045_x264/track_40.npy,1,0.536605,1
pose_out_dcsass/Shoplifting045_x264/track_54.npy,1,0.560698,1
pose_out_dcsass/Shoplifting045_x264/track_55.npy,1,0.555812,1
pose_out_dcsass/Shoplifting045_x264/track_41.npy,1,0.544947,1
pose_out_dcsass/Shoplifting045_x264/track_6.npy,1,0.553302,1
pose_out_dcsass/Shoplifting045_x264/track_8.npy,1,0.563343,1
pose_out_dcsass/Shoplifting045_x264/track_9.npy,1,0.546111,1
pose_out_dcsass/Shoplifting045_x264/track_49.npy,1,0.552991,1
pose_out_dcsass/Shoplifting045_x264/track_48.npy,1,0.542447,1
pose_out_dcsass/Shoplifting045_x264/track_12.npy,1,0.546214,1
pose_out_dcsass/Shoplifting045_x264/track_38.npy,1,0.579108,1
pose_out_dcsass/Shoplifting045_x264/track_10.npy,1,0.535382,1
pose_out_dcsass/Shoplifting045_x264/track_11.npy,1,0.549376,1
pose_out_dcsass/Shoplifting045_x264/track_39.npy,1,0.560677,1
pose_out_dcsass/Shoplifting045_x264/track_15.npy,1,0.547561,1
pose_out_dcsass/Shoplifting045_x264/track_29.npy,1,0.548202,1
pose_out_dcsass/Shoplifting045_x264/track_28.npy,1,0.569219,1
pose_out_dcsass/Shoplifting045_x264/track_14.npy,1,0.569746,1
pose_out_dcsass/Shoplifting045_x264/track_16.npy,1,0.556571,1
pose_out_dcsass/Shoplifting053_x264/track_2.npy,1,0.541660,1
pose_out_dcsass/Shoplifting053_x264/track_1.npy,1,0.551053,1
pose_out_dcsass/Shoplifting053_x264/track_4.npy,1,0.557653,1
pose_out_dcsass/Shoplifting053_x264/track_5.npy,1,0.542696,1
pose_out_dcsass/Shoplifting053_x264/track_6.npy,1,0.561743,1
pose_out_dcsass/Shoplifting049_x264/track_26.npy,1,0.567078,1
pose_out_dcsass/Shoplifting049_x264/track_33.npy,1,0.572187,1
pose_out_dcsass/Shoplifting049_x264/track_24.npy,1,0.564804,1
pose_out_dcsass/Shoplifting049_x264/track_30.npy,1,0.555761,1
pose_out_dcsass/Shoplifting049_x264/track_34.npy,1,0.574559,1
pose_out_dcsass/Shoplifting049_x264/track_21.npy,1,0.574904,1
pose_out_dcsass/Shoplifting049_x264/track_35.npy,1,0.569794,1
pose_out_dcsass/Shoplifting049_x264/track_37.npy,1,0.562962,1
pose_out_dcsass/Shoplifting049_x264/track_1.npy,1,0.562176,1
pose_out_dcsass/Shoplifting049_x264/track_4.npy,1,0.576812,1
pose_out_dcsass/Shoplifting049_x264/track_43.npy,1,0.563688,1
pose_out_dcsass/Shoplifting049_x264/track_5.npy,1,0.560501,1
pose_out_dcsass/Shoplifting049_x264/track_7.npy,1,0.555201,1
pose_out_dcsass/Shoplifting049_x264/track_41.npy,1,0.579102,1
pose_out_dcsass/Shoplifting049_x264/track_9.npy,1,0.564328,1
pose_out_dcsass/Shoplifting049_x264/track_12.npy,1,0.553899,1
pose_out_dcsass/Shoplifting049_x264/track_29.npy,1,0.562999,1
pose_out_dcsass/Shoplifting049_x264/track_28.npy,1,0.576293,1
pose_out_dcsass/Shoplifting049_x264/track_14.npy,1,0.571252,1
pose_out_dcsass/Shoplifting049_x264/track_17.npy,1,0.553717,1
pose_out_dcsass/Shoplifting024_x264/track_2.npy,1,0.573741,1
pose_out_dcsass/Shoplifting024_x264/track_3.npy,1,0.558219,1
pose_out_dcsass/Shoplifting024_x264/track_1.npy,1,0.547350,1
pose_out_dcsass/Shoplifting024_x264/track_4.npy,1,0.552330,1
pose_out_dcsass/Shoplifting024_x264/track_7.npy,1,0.572582,1
pose_out_dcsass/Shoplifting024_x264/track_6.npy,1,0.551627,1
pose_out_dcsass/Shoplifting024_x264/track_9.npy,1,0.566224,1
pose_out_dcsass/Shoplifting024_x264/track_10.npy,1,0.549163,1
pose_out_dcsass/Shoplifting024_x264/track_11.npy,1,0.554451,1
pose_out_dcsass/Shoplifting032_x264/track_26.npy,1,0.563147,1
pose_out_dcsass/Shoplifting032_x264/track_27.npy,1,0.575097,1
pose_out_dcsass/Shoplifting032_x264/track_31.npy,1,0.550678,1
pose_out_dcsass/Shoplifting032_x264/track_25.npy,1,0.564186,1
pose_out_dcsass/Shoplifting032_x264/track_24.npy,1,0.565135,1
pose_out_dcsass/Shoplifting032_x264/track_30.npy,1,0.546309,1
pose_out_dcsass/Shoplifting032_x264/track_18.npy,1,0.543959,1
pose_out_dcsass/Shoplifting032_x264/track_20.npy,1,0.537154,1
pose_out_dcsass/Shoplifting032_x264/track_35.npy,1,0.546145,1
pose_out_dcsass/Shoplifting032_x264/track_37.npy,1,0.557395,1
pose_out_dcsass/Shoplifting032_x264/track_36.npy,1,0.552116,1
pose_out_dcsass/Shoplifting032_x264/track_2.npy,1,0.544280,1
pose_out_dcsass/Shoplifting032_x264/track_45.npy,1,0.547979,1
pose_out_dcsass/Shoplifting032_x264/track_51.npy,1,0.554414,1
pose_out_dcsass/Shoplifting032_x264/track_44.npy,1,0.546031,1
pose_out_dcsass/Shoplifting032_x264/track_3.npy,1,0.536768,1
pose_out_dcsass/Shoplifting032_x264/track_52.npy,1,0.557892,1
pose_out_dcsass/Shoplifting032_x264/track_46.npy,1,0.544103,1
pose_out_dcsass/Shoplifting032_x264/track_47.npy,1,0.542008,1
pose_out_dcsass/Shoplifting032_x264/track_43.npy,1,0.545887,1
pose_out_dcsass/Shoplifting032_x264/track_5.npy,1,0.578343,1
pose_out_dcsass/Shoplifting032_x264/track_7.npy,1,0.545039,1
pose_out_dcsass/Shoplifting032_x264/track_40.npy,1,0.559823,1
pose_out_dcsass/Shoplifting032_x264/track_55.npy,1,0.561579,1
pose_out_dcsass/Shoplifting032_x264/track_6.npy,1,0.563024,1
pose_out_dcsass/Shoplifting032_x264/track_8.npy,1,0.549660,1
pose_out_dcsass/Shoplifting032_x264/track_9.npy,1,0.557029,1
pose_out_dcsass/Shoplifting032_x264/track_13.npy,1,0.554799,1
pose_out_dcsass/Shoplifting032_x264/track_38.npy,1,0.564373,1
pose_out_dcsass/Shoplifting032_x264/track_10.npy,1,0.542756,1
pose_out_dcsass/Shoplifting032_x264/track_15.npy,1,0.540037,1
pose_out_dcsass/Shoplifting032_x264/track_29.npy,1,0.525049,1
pose_out_dcsass/Shoplifting032_x264/track_28.npy,1,0.568785,1
pose_out_dcsass/Shoplifting032_x264/track_17.npy,1,0.563565,1
pose_out_dcsass/Shoplifting039_x264/track_2.npy,1,0.551993,1
pose_out_dcsass/Shoplifting039_x264/track_3.npy,1,0.557539,1
pose_out_dcsass/Shoplifting039_x264/track_1.npy,1,0.541081,1
pose_out_dcsass/Shoplifting039_x264/track_5.npy,1,0.552649,1
pose_out_dcsass/Shoplifting039_x264/track_7.npy,1,0.544299,1
pose_out_dcsass/Shoplifting039_x264/track_12.npy,1,0.539507,1
pose_out_dcsass/Shoplifting039_x264/track_10.npy,1,0.536521,1
pose_out_dcsass/Shoplifting039_x264/track_11.npy,1,0.548270,1
pose_out_dcsass/Shoplifting039_x264/track_15.npy,1,0.538893,1
pose_out_dcsass/Shoplifting039_x264/track_14.npy,1,0.548645,1
pose_out_dcsass/Shoplifting039_x264/track_16.npy,1,0.551730,1
pose_out_dcsass/Shoplifting054_x264/track_2.npy,1,0.548732,1
pose_out_dcsass/Shoplifting054_x264/track_3.npy,1,0.542690,1
pose_out_dcsass/Shoplifting054_x264/track_1.npy,1,0.533400,1
pose_out_dcsass/Shoplifting054_x264/track_4.npy,1,0.552445,1
pose_out_dcsass/Shoplifting054_x264/track_5.npy,1,0.553156,1
pose_out_dcsass/Shoplifting054_x264/track_7.npy,1,0.548636,1
pose_out_dcsass/Shoplifting054_x264/track_6.npy,1,0.533858,1
pose_out_dcsass/Shoplifting054_x264/track_8.npy,1,0.536759,1
pose_out_dcsass/Shoplifting054_x264/track_9.npy,1,0.550537,1
pose_out_dcsass/Shoplifting054_x264/track_13.npy,1,0.544688,1
pose_out_dcsass/Shoplifting054_x264/track_12.npy,1,0.535029,1
pose_out_dcsass/Shoplifting054_x264/track_10.npy,1,0.549360,1
pose_out_dcsass/Shoplifting054_x264/track_11.npy,1,0.555706,1
pose_out_dcsass/Shoplifting054_x264/track_15.npy,1,0.551059,1
pose_out_dcsass/Shoplifting054_x264/track_14.npy,1,0.541951,1
pose_out_dcsass/Shoplifting054_x264/track_16.npy,1,0.542859,1
pose_out_dcsass/Shoplifting054_x264/track_17.npy,1,0.550479,1
pose_out_dcsass/Shoplifting015_x264/track_26.npy,1,0.544531,1
pose_out_dcsass/Shoplifting015_x264/track_32.npy,1,0.567153,1
pose_out_dcsass/Shoplifting015_x264/track_25.npy,1,0.559035,1
pose_out_dcsass/Shoplifting015_x264/track_30.npy,1,0.541987,1
pose_out_dcsass/Shoplifting015_x264/track_18.npy,1,0.563997,1
pose_out_dcsass/Shoplifting015_x264/track_34.npy,1,0.540254,1
pose_out_dcsass/Shoplifting015_x264/track_20.npy,1,0.573452,1
pose_out_dcsass/Shoplifting015_x264/track_21.npy,1,0.551602,1
pose_out_dcsass/Shoplifting015_x264/track_23.npy,1,0.554479,1
pose_out_dcsass/Shoplifting015_x264/track_36.npy,1,0.561537,1
pose_out_dcsass/Shoplifting015_x264/track_22.npy,1,0.537534,1
pose_out_dcsass/Shoplifting015_x264/track_2.npy,1,0.556353,1
pose_out_dcsass/Shoplifting015_x264/track_3.npy,1,0.539667,1
pose_out_dcsass/Shoplifting015_x264/track_1.npy,1,0.552734,1
pose_out_dcsass/Shoplifting015_x264/track_46.npy,1,0.537416,1
pose_out_dcsass/Shoplifting015_x264/track_4.npy,1,0.557545,1
pose_out_dcsass/Shoplifting015_x264/track_43.npy,1,0.539787,1
pose_out_dcsass/Shoplifting015_x264/track_7.npy,1,0.537639,1
pose_out_dcsass/Shoplifting015_x264/track_6.npy,1,0.542106,1
pose_out_dcsass/Shoplifting015_x264/track_13.npy,1,0.576406,1
pose_out_dcsass/Shoplifting015_x264/track_38.npy,1,0.545718,1
pose_out_dcsass/Shoplifting015_x264/track_10.npy,1,0.540015,1
pose_out_dcsass/Shoplifting015_x264/track_29.npy,1,0.556261,1
pose_out_dcsass/Shoplifting015_x264/track_28.npy,1,0.550815,1
pose_out_dcsass/Shoplifting015_x264/track_14.npy,1,0.542318,1
pose_out_dcsass/Shoplifting015_x264/track_17.npy,1,0.536021,1
pose_out_dcsass/Shoplifting042_x264/track_103.npy,1,0.561027,1
pose_out_dcsass/Shoplifting042_x264/track_102.npy,1,0.564481,1
pose_out_dcsass/Shoplifting042_x264/track_33.npy,1,0.572891,1
pose_out_dcsass/Shoplifting042_x264/track_27.npy,1,0.575706,1
pose_out_dcsass/Shoplifting042_x264/track_19.npy,1,0.560248,1
pose_out_dcsass/Shoplifting042_x264/track_100.npy,1,0.562964,1
pose_out_dcsass/Shoplifting042_x264/track_114.npy,1,0.571398,1
pose_out_dcsass/Shoplifting042_x264/track_115.npy,1,0.567971,1
pose_out_dcsass/Shoplifting042_x264/track_101.npy,1,0.553694,1
pose_out_dcsass/Shoplifting042_x264/track_30.npy,1,0.569158,1
pose_out_dcsass/Shoplifting042_x264/track_20.npy,1,0.558151,1
pose_out_dcsass/Shoplifting042_x264/track_111.npy,1,0.567642,1
pose_out_dcsass/Shoplifting042_x264/track_139.npy,1,0.572466,1
pose_out_dcsass/Shoplifting042_x264/track_110.npy,1,0.556484,1
pose_out_dcsass/Shoplifting042_x264/track_21.npy,1,0.557454,1
pose_out_dcsass/Shoplifting042_x264/track_35.npy,1,0.574013,1
pose_out_dcsass/Shoplifting042_x264/track_106.npy,1,0.563997,1
pose_out_dcsass/Shoplifting042_x264/track_107.npy,1,0.554682,1
pose_out_dcsass/Shoplifting042_x264/track_113.npy,1,0.561523,1
pose_out_dcsass/Shoplifting042_x264/track_36.npy,1,0.566738,1
pose_out_dcsass/Shoplifting042_x264/track_22.npy,1,0.569103,1
pose_out_dcsass/Shoplifting042_x264/track_2.npy,1,0.553408,1
pose_out_dcsass/Shoplifting042_x264/track_51.npy,1,0.564404,1
pose_out_dcsass/Shoplifting042_x264/track_174.npy,1,0.556386,1
pose_out_dcsass/Shoplifting042_x264/track_160.npy,1,0.562383,1
pose_out_dcsass/Shoplifting042_x264/track_92.npy,1,0.552862,1
pose_out_dcsass/Shoplifting042_x264/track_161.npy,1,0.568003,1
pose_out_dcsass/Shoplifting042_x264/track_149.npy,1,0.575229,1
pose_out_dcsass/Shoplifting042_x264/track_50.npy,1,0.554602,1
pose_out_dcsass/Shoplifting042_x264/track_44.npy,1,0.564002,1
pose_out_dcsass/Shoplifting042_x264/track_78.npy,1,0.554753,1
pose_out_dcsass/Shoplifting042_x264/track_217.npy,1,0.567465,1
pose_out_dcsass/Shoplifting042_x264/track_203.npy,1,0.558938,1
pose_out_dcsass/Shoplifting042_x264/track_3.npy,1,0.557188,1
pose_out_dcsass/Shoplifting042_x264/track_1.npy,1,0.573018,1
pose_out_dcsass/Shoplifting042_x264/track_215.npy,1,0.565519,1
pose_out_dcsass/Shoplifting042_x264/track_201.npy,1,0.562728,1
pose_out_dcsass/Shoplifting042_x264/track_188.npy,1,0.571915,1
pose_out_dcsass/Shoplifting042_x264/track_163.npy,1,0.569280,1
pose_out_dcsass/Shoplifting042_x264/track_91.npy,1,0.559181,1
pose_out_dcsass/Shoplifting042_x264/track_177.npy,1,0.558119,1
pose_out_dcsass/Shoplifting042_x264/track_84.npy,1,0.567150,1
pose_out_dcsass/Shoplifting042_x264/track_162.npy,1,0.566488,1
pose_out_dcsass/Shoplifting042_x264/track_214.npy,1,0.565391,1
pose_out_dcsass/Shoplifting042_x264/track_228.npy,1,0.561743,1
pose_out_dcsass/Shoplifting042_x264/track_210.npy,1,0.564381,1
pose_out_dcsass/Shoplifting042_x264/track_204.npy,1,0.547875,1
pose_out_dcsass/Shoplifting042_x264/track_43.npy,1,0.569079,1
pose_out_dcsass/Shoplifting042_x264/track_166.npy,1,0.566965,1
pose_out_dcsass/Shoplifting042_x264/track_94.npy,1,0.568217,1
pose_out_dcsass/Shoplifting042_x264/track_172.npy,1,0.565166,1
pose_out_dcsass/Shoplifting042_x264/track_173.npy,1,0.577772,1
pose_out_dcsass/Shoplifting042_x264/track_95.npy,1,0.555952,1
pose_out_dcsass/Shoplifting042_x264/track_167.npy,1,0.560556,1
pose_out_dcsass/Shoplifting042_x264/track_42.npy,1,0.557106,1
pose_out_dcsass/Shoplifting042_x264/track_239.npy,1,0.560449,1
pose_out_dcsass/Shoplifting042_x264/track_205.npy,1,0.560445,1
pose_out_dcsass/Shoplifting042_x264/track_7.npy,1,0.568673,1
pose_out_dcsass/Shoplifting042_x264/track_207.npy,1,0.570365,1
pose_out_dcsass/Shoplifting042_x264/track_213.npy,1,0.558349,1
pose_out_dcsass/Shoplifting042_x264/track_54.npy,1,0.559773,1
pose_out_dcsass/Shoplifting042_x264/track_83.npy,1,0.558240,1
pose_out_dcsass/Shoplifting042_x264/track_171.npy,1,0.564126,1
pose_out_dcsass/Shoplifting042_x264/track_165.npy,1,0.567904,1
pose_out_dcsass/Shoplifting042_x264/track_97.npy,1,0.551909,1
pose_out_dcsass/Shoplifting042_x264/track_69.npy,1,0.559069,1
pose_out_dcsass/Shoplifting042_x264/track_41.npy,1,0.557482,1
pose_out_dcsass/Shoplifting042_x264/track_223.npy,1,0.557302,1
pose_out_dcsass/Shoplifting042_x264/track_58.npy,1,0.562668,1
pose_out_dcsass/Shoplifting042_x264/track_182.npy,1,0.563261,1
pose_out_dcsass/Shoplifting042_x264/track_140.npy,1,0.561151,1
pose_out_dcsass/Shoplifting042_x264/track_154.npy,1,0.565271,1
pose_out_dcsass/Shoplifting042_x264/track_168.npy,1,0.572357,1
pose_out_dcsass/Shoplifting042_x264/track_71.npy,1,0.565136,1
pose_out_dcsass/Shoplifting042_x264/track_65.npy,1,0.556456,1
pose_out_dcsass/Shoplifting042_x264/track_59.npy,1,0.567952,1
pose_out_dcsass/Shoplifting042_x264/track_236.npy,1,0.560451,1
pose_out_dcsass/Shoplifting042_x264/track_73.npy,1,0.562408,1
pose_out_dcsass/Shoplifting042_x264/track_67.npy,1,0.557701,1
pose_out_dcsass/Shoplifting042_x264/track_195.npy,1,0.557489,1
pose_out_dcsass/Shoplifting042_x264/track_98.npy,1,0.555073,1
pose_out_dcsass/Shoplifting042_x264/track_157.npy,1,0.567731,1
pose_out_dcsass/Shoplifting042_x264/track_143.npy,1,0.559084,1
pose_out_dcsass/Shoplifting042_x264/track_194.npy,1,0.561546,1
pose_out_dcsass/Shoplifting042_x264/track_72.npy,1,0.563766,1
pose_out_dcsass/Shoplifting042_x264/track_180.npy,1,0.559674,1
pose_out_dcsass/Shoplifting042_x264/track_235.npy,1,0.559468,1
pose_out_dcsass/Shoplifting042_x264/track_209.npy,1,0.559541,1
pose_out_dcsass/Shoplifting042_x264/track_219.npy,1,0.561460,1
pose_out_dcsass/Shoplifting042_x264/track_184.npy,1,0.565844,1
pose_out_dcsass/Shoplifting042_x264/track_62.npy,1,0.567421,1
pose_out_dcsass/Shoplifting042_x264/track_147.npy,1,0.576302,1
pose_out_dcsass/Shoplifting042_x264/track_88.npy,1,0.566218,1
pose_out_dcsass/Shoplifting042_x264/track_152.npy,1,0.567512,1
pose_out_dcsass/Shoplifting042_x264/track_191.npy,1,0.569734,1
pose_out_dcsass/Shoplifting042_x264/track_77.npy,1,0.553337,1
pose_out_dcsass/Shoplifting042_x264/track_218.npy,1,0.568522,1
pose_out_dcsass/Shoplifting042_x264/track_230.npy,1,0.552178,1
pose_out_dcsass/Shoplifting042_x264/track_226.npy,1,0.563802,1
pose_out_dcsass/Shoplifting042_x264/track_193.npy,1,0.554771,1
pose_out_dcsass/Shoplifting042_x264/track_187.npy,1,0.569123,1
pose_out_dcsass/Shoplifting042_x264/track_75.npy,1,0.561293,1
pose_out_dcsass/Shoplifting042_x264/track_144.npy,1,0.574737,1
pose_out_dcsass/Shoplifting042_x264/track_48.npy,1,0.555871,1
pose_out_dcsass/Shoplifting042_x264/track_74.npy,1,0.561455,1
pose_out_dcsass/Shoplifting042_x264/track_186.npy,1,0.559393,1
pose_out_dcsass/Shoplifting042_x264/track_233.npy,1,0.569836,1
pose_out_dcsass/Shoplifting042_x264/track_240.npy,1,0.560176,1
pose_out_dcsass/Shoplifting042_x264/track_13.npy,1,0.559992,1
pose_out_dcsass/Shoplifting042_x264/track_136.npy,1,0.562788,1
pose_out_dcsass/Shoplifting042_x264/track_12.npy,1,0.570361,1
pose_out_dcsass/Shoplifting042_x264/track_241.npy,1,0.557381,1
pose_out_dcsass/Shoplifting042_x264/track_38.npy,1,0.562077,1
pose_out_dcsass/Shoplifting042_x264/track_109.npy,1,0.560927,1
pose_out_dcsass/Shoplifting042_x264/track_121.npy,1,0.565075,1
pose_out_dcsass/Shoplifting042_x264/track_135.npy,1,0.557549,1
pose_out_dcsass/Shoplifting042_x264/track_120.npy,1,0.570267,1
pose_out_dcsass/Shoplifting042_x264/track_108.npy,1,0.563522,1
pose_out_dcsass/Shoplifting042_x264/track_11.npy,1,0.571951,1
pose_out_dcsass/Shoplifting042_x264/track_15.npy,1,0.570135,1
pose_out_dcsass/Shoplifting042_x264/track_29.npy,1,0.554163,1
pose_out_dcsass/Shoplifting042_x264/track_124.npy,1,0.554646,1
pose_out_dcsass/Shoplifting042_x264/track_28.npy,1,0.572895,1
pose_out_dcsass/Shoplifting042_x264/track_14.npy,1,0.561427,1
pose_out_dcsass/Shoplifting042_x264/track_133.npy,1,0.567927,1
pose_out_dcsass/Shoplifting042_x264/track_127.npy,1,0.558980,1
pose_out_dcsass/Shoplifting042_x264/track_126.npy,1,0.561621,1
pose_out_dcsass/Shoplifting042_x264/track_132.npy,1,0.562037,1
pose_out_dcsass/Shoplifting018_x264/track_32.npy,1,0.556917,1
pose_out_dcsass/Shoplifting018_x264/track_33.npy,1,0.559899,1
pose_out_dcsass/Shoplifting018_x264/track_27.npy,1,0.570684,1
pose_out_dcsass/Shoplifting018_x264/track_24.npy,1,0.555701,1
pose_out_dcsass/Shoplifting018_x264/track_20.npy,1,0.556177,1
pose_out_dcsass/Shoplifting018_x264/track_22.npy,1,0.553717,1
pose_out_dcsass/Shoplifting018_x264/track_2.npy,1,0.549106,1
pose_out_dcsass/Shoplifting018_x264/track_51.npy,1,0.563429,1
pose_out_dcsass/Shoplifting018_x264/track_3.npy,1,0.554771,1
pose_out_dcsass/Shoplifting018_x264/track_52.npy,1,0.559793,1
pose_out_dcsass/Shoplifting018_x264/track_47.npy,1,0.561344,1
pose_out_dcsass/Shoplifting018_x264/track_53.npy,1,0.551640,1
pose_out_dcsass/Shoplifting018_x264/track_4.npy,1,0.538602,1
pose_out_dcsass/Shoplifting018_x264/track_57.npy,1,0.544397,1
pose_out_dcsass/Shoplifting018_x264/track_42.npy,1,0.555615,1
pose_out_dcsass/Shoplifting018_x264/track_5.npy,1,0.557154,1
pose_out_dcsass/Shoplifting018_x264/track_40.npy,1,0.559011,1
pose_out_dcsass/Shoplifting018_x264/track_69.npy,1,0.547019,1
pose_out_dcsass/Shoplifting018_x264/track_55.npy,1,0.562650,1
pose_out_dcsass/Shoplifting018_x264/track_64.npy,1,0.565353,1
pose_out_dcsass/Shoplifting018_x264/track_59.npy,1,0.548310,1
pose_out_dcsass/Shoplifting018_x264/track_66.npy,1,0.554676,1
pose_out_dcsass/Shoplifting018_x264/track_72.npy,1,0.541916,1
pose_out_dcsass/Shoplifting018_x264/track_62.npy,1,0.546025,1
pose_out_dcsass/Shoplifting018_x264/track_63.npy,1,0.561235,1
pose_out_dcsass/Shoplifting018_x264/track_12.npy,1,0.549410,1
pose_out_dcsass/Shoplifting018_x264/track_11.npy,1,0.557707,1
pose_out_dcsass/Shoplifting018_x264/track_17.npy,1,0.552883,1
pose_out_dcsass/Shoplifting022_x264/track_26.npy,1,0.555796,1
pose_out_dcsass/Shoplifting022_x264/track_19.npy,1,0.553429,1
pose_out_dcsass/Shoplifting022_x264/track_18.npy,1,0.570440,1
pose_out_dcsass/Shoplifting022_x264/track_20.npy,1,0.566071,1
pose_out_dcsass/Shoplifting022_x264/track_21.npy,1,0.554118,1
pose_out_dcsass/Shoplifting022_x264/track_23.npy,1,0.572468,1
pose_out_dcsass/Shoplifting022_x264/track_22.npy,1,0.545839,1
pose_out_dcsass/Shoplifting022_x264/track_3.npy,1,0.551829,1
pose_out_dcsass/Shoplifting022_x264/track_1.npy,1,0.541537,1
pose_out_dcsass/Shoplifting022_x264/track_4.npy,1,0.568856,1
pose_out_dcsass/Shoplifting022_x264/track_5.npy,1,0.551205,1
pose_out_dcsass/Shoplifting022_x264/track_7.npy,1,0.570319,1
pose_out_dcsass/Shoplifting022_x264/track_6.npy,1,0.567393,1
pose_out_dcsass/Shoplifting022_x264/track_8.npy,1,0.557344,1
pose_out_dcsass/Shoplifting022_x264/track_9.npy,1,0.556298,1
pose_out_dcsass/Shoplifting022_x264/track_13.npy,1,0.563913,1
pose_out_dcsass/Shoplifting022_x264/track_12.npy,1,0.572670,1
pose_out_dcsass/Shoplifting022_x264/track_10.npy,1,0.570245,1
pose_out_dcsass/Shoplifting022_x264/track_11.npy,1,0.544227,1
pose_out_dcsass/Shoplifting022_x264/track_15.npy,1,0.550219,1
pose_out_dcsass/Shoplifting022_x264/track_14.npy,1,0.576300,1
pose_out_dcsass/Shoplifting022_x264/track_16.npy,1,0.559909,1
pose_out_dcsass/Shoplifting022_x264/track_17.npy,1,0.560103,1
pose_out_dcsass/Shoplifting038_x264/track_32.npy,1,0.535344,1
pose_out_dcsass/Shoplifting038_x264/track_27.npy,1,0.578647,1
pose_out_dcsass/Shoplifting038_x264/track_19.npy,1,0.572339,1
pose_out_dcsass/Shoplifting038_x264/track_31.npy,1,0.556972,1
pose_out_dcsass/Shoplifting038_x264/track_25.npy,1,0.562046,1
pose_out_dcsass/Shoplifting038_x264/track_24.npy,1,0.580772,1
pose_out_dcsass/Shoplifting038_x264/track_30.npy,1,0.549022,1
pose_out_dcsass/Shoplifting038_x264/track_18.npy,1,0.559994,1
pose_out_dcsass/Shoplifting038_x264/track_34.npy,1,0.551480,1
pose_out_dcsass/Shoplifting038_x264/track_20.npy,1,0.575283,1
pose_out_dcsass/Shoplifting038_x264/track_21.npy,1,0.563820,1
pose_out_dcsass/Shoplifting038_x264/track_23.npy,1,0.575381,1
pose_out_dcsass/Shoplifting038_x264/track_22.npy,1,0.569542,1
pose_out_dcsass/Shoplifting038_x264/track_2.npy,1,0.576478,1
pose_out_dcsass/Shoplifting038_x264/track_3.npy,1,0.581136,1
pose_out_dcsass/Shoplifting038_x264/track_1.npy,1,0.559681,1
pose_out_dcsass/Shoplifting038_x264/track_4.npy,1,0.562498,1
pose_out_dcsass/Shoplifting038_x264/track_6.npy,1,0.577925,1
pose_out_dcsass/Shoplifting038_x264/track_9.npy,1,0.557950,1
pose_out_dcsass/Shoplifting038_x264/track_13.npy,1,0.581624,1
pose_out_dcsass/Shoplifting038_x264/track_10.npy,1,0.544065,1
pose_out_dcsass/Shoplifting038_x264/track_29.npy,1,0.544211,1
pose_out_dcsass/Shoplifting038_x264/track_28.npy,1,0.583702,1
pose_out_dcsass/Shoplifting038_x264/track_14.npy,1,0.574782,1
pose_out_dcsass/Shoplifting038_x264/track_16.npy,1,0.553341,1
pose_out_dcsass/Shoplifting038_x264/track_17.npy,1,0.530774,1
pose_out_dcsass/Shoplifting001_x264/track_117.npy,1,0.558776,1
pose_out_dcsass/Shoplifting001_x264/track_33.npy,1,0.563194,1
pose_out_dcsass/Shoplifting001_x264/track_25.npy,1,0.545248,1
pose_out_dcsass/Shoplifting001_x264/track_100.npy,1,0.550541,1
pose_out_dcsass/Shoplifting001_x264/track_24.npy,1,0.558175,1
pose_out_dcsass/Shoplifting001_x264/track_30.npy,1,0.554323,1
pose_out_dcsass/Shoplifting001_x264/track_111.npy,1,0.552523,1
pose_out_dcsass/Shoplifting001_x264/track_139.npy,1,0.548770,1
pose_out_dcsass/Shoplifting001_x264/track_110.npy,1,0.545660,1
pose_out_dcsass/Shoplifting001_x264/track_104.npy,1,0.555464,1
pose_out_dcsass/Shoplifting001_x264/track_107.npy,1,0.549261,1
pose_out_dcsass/Shoplifting001_x264/track_113.npy,1,0.546381,1
pose_out_dcsass/Shoplifting001_x264/track_2.npy,1,0.549584,1
pose_out_dcsass/Shoplifting001_x264/track_79.npy,1,0.552928,1
pose_out_dcsass/Shoplifting001_x264/track_86.npy,1,0.554494,1
pose_out_dcsass/Shoplifting001_x264/track_92.npy,1,0.554405,1
pose_out_dcsass/Shoplifting001_x264/track_161.npy,1,0.557000,1
pose_out_dcsass/Shoplifting001_x264/track_175.npy,1,0.567199,1
pose_out_dcsass/Shoplifting001_x264/track_87.npy,1,0.548339,1
pose_out_dcsass/Shoplifting001_x264/track_78.npy,1,0.543848,1
pose_out_dcsass/Shoplifting001_x264/track_1.npy,1,0.555434,1
pose_out_dcsass/Shoplifting001_x264/track_52.npy,1,0.554683,1
pose_out_dcsass/Shoplifting001_x264/track_177.npy,1,0.565046,1
pose_out_dcsass/Shoplifting001_x264/track_90.npy,1,0.554903,1
pose_out_dcsass/Shoplifting001_x264/track_53.npy,1,0.565789,1
pose_out_dcsass/Shoplifting001_x264/track_4.npy,1,0.547328,1
pose_out_dcsass/Shoplifting001_x264/track_80.npy,1,0.541511,1
pose_out_dcsass/Shoplifting001_x264/track_172.npy,1,0.544486,1
pose_out_dcsass/Shoplifting001_x264/track_95.npy,1,0.559527,1
pose_out_dcsass/Shoplifting001_x264/track_167.npy,1,0.559834,1
pose_out_dcsass/Shoplifting001_x264/track_56.npy,1,0.569956,1
pose_out_dcsass/Shoplifting001_x264/track_7.npy,1,0.555848,1
pose_out_dcsass/Shoplifting001_x264/track_40.npy,1,0.568151,1
pose_out_dcsass/Shoplifting001_x264/track_83.npy,1,0.550620,1
pose_out_dcsass/Shoplifting001_x264/track_165.npy,1,0.555580,1
pose_out_dcsass/Shoplifting001_x264/track_97.npy,1,0.560609,1
pose_out_dcsass/Shoplifting001_x264/track_159.npy,1,0.556444,1
pose_out_dcsass/Shoplifting001_x264/track_170.npy,1,0.544151,1
pose_out_dcsass/Shoplifting001_x264/track_58.npy,1,0.557476,1
pose_out_dcsass/Shoplifting001_x264/track_169.npy,1,0.576624,1
pose_out_dcsass/Shoplifting001_x264/track_155.npy,1,0.552754,1
pose_out_dcsass/Shoplifting001_x264/track_140.npy,1,0.562948,1
pose_out_dcsass/Shoplifting001_x264/track_154.npy,1,0.555651,1
pose_out_dcsass/Shoplifting001_x264/track_168.npy,1,0.546337,1
pose_out_dcsass/Shoplifting001_x264/track_8.npy,1,0.549675,1
pose_out_dcsass/Shoplifting001_x264/track_73.npy,1,0.557399,1
pose_out_dcsass/Shoplifting001_x264/track_98.npy,1,0.544807,1
pose_out_dcsass/Shoplifting001_x264/track_157.npy,1,0.562759,1
pose_out_dcsass/Shoplifting001_x264/track_66.npy,1,0.558122,1
pose_out_dcsass/Shoplifting001_x264/track_153.npy,1,0.545343,1
pose_out_dcsass/Shoplifting001_x264/track_88.npy,1,0.545446,1
pose_out_dcsass/Shoplifting001_x264/track_152.npy,1,0.554143,1
pose_out_dcsass/Shoplifting001_x264/track_146.npy,1,0.546231,1
pose_out_dcsass/Shoplifting001_x264/track_150.npy,1,0.555360,1
pose_out_dcsass/Shoplifting001_x264/track_144.npy,1,0.556812,1
pose_out_dcsass/Shoplifting001_x264/track_145.npy,1,0.557418,1
pose_out_dcsass/Shoplifting001_x264/track_151.npy,1,0.558640,1
pose_out_dcsass/Shoplifting001_x264/track_48.npy,1,0.558691,1
pose_out_dcsass/Shoplifting001_x264/track_122.npy,1,0.572325,1
pose_out_dcsass/Shoplifting001_x264/track_137.npy,1,0.554531,1
pose_out_dcsass/Shoplifting001_x264/track_12.npy,1,0.560714,1
pose_out_dcsass/Shoplifting001_x264/track_38.npy,1,0.562975,1
pose_out_dcsass/Shoplifting001_x264/track_109.npy,1,0.551189,1
pose_out_dcsass/Shoplifting001_x264/track_121.npy,1,0.552370,1
pose_out_dcsass/Shoplifting001_x264/track_135.npy,1,0.550636,1
pose_out_dcsass/Shoplifting001_x264/track_120.npy,1,0.551044,1
pose_out_dcsass/Shoplifting001_x264/track_11.npy,1,0.548882,1
pose_out_dcsass/Shoplifting001_x264/track_15.npy,1,0.555335,1
pose_out_dcsass/Shoplifting001_x264/track_29.npy,1,0.557756,1
pose_out_dcsass/Shoplifting001_x264/track_124.npy,1,0.547134,1
pose_out_dcsass/Shoplifting001_x264/track_131.npy,1,0.555057,1
pose_out_dcsass/Shoplifting001_x264/track_14.npy,1,0.538784,1
pose_out_dcsass/Shoplifting001_x264/track_133.npy,1,0.556925,1
pose_out_dcsass/Shoplifting001_x264/track_126.npy,1,0.569479,1
pose_out_dcsass/Shoplifting001_x264/track_132.npy,1,0.553608,1
pose_out_dcsass/Shoplifting021_x264/track_26.npy,1,0.572733,1
pose_out_dcsass/Shoplifting021_x264/track_32.npy,1,0.562736,1
pose_out_dcsass/Shoplifting021_x264/track_33.npy,1,0.559534,1
pose_out_dcsass/Shoplifting021_x264/track_27.npy,1,0.556282,1
pose_out_dcsass/Shoplifting021_x264/track_19.npy,1,0.573058,1
pose_out_dcsass/Shoplifting021_x264/track_18.npy,1,0.559391,1
pose_out_dcsass/Shoplifting021_x264/track_20.npy,1,0.556534,1
pose_out_dcsass/Shoplifting021_x264/track_21.npy,1,0.566025,1
pose_out_dcsass/Shoplifting021_x264/track_23.npy,1,0.561470,1
pose_out_dcsass/Shoplifting021_x264/track_36.npy,1,0.564048,1
pose_out_dcsass/Shoplifting021_x264/track_22.npy,1,0.559226,1
pose_out_dcsass/Shoplifting021_x264/track_2.npy,1,0.558363,1
pose_out_dcsass/Shoplifting021_x264/track_3.npy,1,0.562358,1
pose_out_dcsass/Shoplifting021_x264/track_1.npy,1,0.528154,1
pose_out_dcsass/Shoplifting021_x264/track_4.npy,1,0.573345,1
pose_out_dcsass/Shoplifting021_x264/track_5.npy,1,0.567193,1
pose_out_dcsass/Shoplifting021_x264/track_7.npy,1,0.560142,1
pose_out_dcsass/Shoplifting021_x264/track_6.npy,1,0.576515,1
pose_out_dcsass/Shoplifting021_x264/track_13.npy,1,0.562509,1
pose_out_dcsass/Shoplifting021_x264/track_15.npy,1,0.578139,1
pose_out_dcsass/Shoplifting021_x264/track_29.npy,1,0.564725,1
pose_out_dcsass/Shoplifting021_x264/track_16.npy,1,0.569842,1
pose_out_dcsass/Shoplifting021_x264/track_17.npy,1,0.545906,1
pose_out_dcsass/Shoplifting037_x264/track_27.npy,1,0.562502,1
pose_out_dcsass/Shoplifting037_x264/track_19.npy,1,0.554103,1
pose_out_dcsass/Shoplifting037_x264/track_34.npy,1,0.556709,1
pose_out_dcsass/Shoplifting037_x264/track_20.npy,1,0.541570,1
pose_out_dcsass/Shoplifting037_x264/track_35.npy,1,0.550059,1
pose_out_dcsass/Shoplifting037_x264/track_23.npy,1,0.561290,1
pose_out_dcsass/Shoplifting037_x264/track_36.npy,1,0.550819,1
pose_out_dcsass/Shoplifting037_x264/track_22.npy,1,0.562652,1
pose_out_dcsass/Shoplifting037_x264/track_2.npy,1,0.557460,1
pose_out_dcsass/Shoplifting037_x264/track_3.npy,1,0.559368,1
pose_out_dcsass/Shoplifting037_x264/track_1.npy,1,0.546117,1
pose_out_dcsass/Shoplifting037_x264/track_4.npy,1,0.555322,1
pose_out_dcsass/Shoplifting037_x264/track_5.npy,1,0.556021,1
pose_out_dcsass/Shoplifting037_x264/track_7.npy,1,0.564291,1
pose_out_dcsass/Shoplifting037_x264/track_6.npy,1,0.538852,1
pose_out_dcsass/Shoplifting037_x264/track_13.npy,1,0.545927,1
pose_out_dcsass/Shoplifting037_x264/track_10.npy,1,0.561488,1
pose_out_dcsass/Shoplifting037_x264/track_11.npy,1,0.551990,1
pose_out_dcsass/Shoplifting037_x264/track_29.npy,1,0.550249,1
pose_out_dcsass/Shoplifting037_x264/track_14.npy,1,0.555729,1
pose_out_dcsass/Shoplifting036_x264/track_116.npy,1,0.555460,1
pose_out_dcsass/Shoplifting036_x264/track_260.npy,1,0.555554,1
pose_out_dcsass/Shoplifting036_x264/track_262.npy,1,0.547215,1
pose_out_dcsass/Shoplifting036_x264/track_31.npy,1,0.568902,1
pose_out_dcsass/Shoplifting036_x264/track_25.npy,1,0.564833,1
pose_out_dcsass/Shoplifting036_x264/track_128.npy,1,0.564197,1
pose_out_dcsass/Shoplifting036_x264/track_114.npy,1,0.563178,1
pose_out_dcsass/Shoplifting036_x264/track_115.npy,1,0.574159,1
pose_out_dcsass/Shoplifting036_x264/track_129.npy,1,0.554143,1
pose_out_dcsass/Shoplifting036_x264/track_18.npy,1,0.568081,1
pose_out_dcsass/Shoplifting036_x264/track_20.npy,1,0.575978,1
pose_out_dcsass/Shoplifting036_x264/track_111.npy,1,0.563609,1
pose_out_dcsass/Shoplifting036_x264/track_139.npy,1,0.571120,1
pose_out_dcsass/Shoplifting036_x264/track_138.npy,1,0.548828,1
pose_out_dcsass/Shoplifting036_x264/track_21.npy,1,0.570473,1
pose_out_dcsass/Shoplifting036_x264/track_258.npy,1,0.576125,1
pose_out_dcsass/Shoplifting036_x264/track_23.npy,1,0.566914,1
pose_out_dcsass/Shoplifting036_x264/track_37.npy,1,0.571589,1
pose_out_dcsass/Shoplifting036_x264/track_106.npy,1,0.559656,1
pose_out_dcsass/Shoplifting036_x264/track_22.npy,1,0.576005,1
pose_out_dcsass/Shoplifting036_x264/track_216.npy,1,0.572926,1
pose_out_dcsass/Shoplifting036_x264/track_79.npy,1,0.552272,1
pose_out_dcsass/Shoplifting036_x264/track_45.npy,1,0.544352,1
pose_out_dcsass/Shoplifting036_x264/track_148.npy,1,0.561347,1
pose_out_dcsass/Shoplifting036_x264/track_92.npy,1,0.560642,1
pose_out_dcsass/Shoplifting036_x264/track_161.npy,1,0.574938,1
pose_out_dcsass/Shoplifting036_x264/track_50.npy,1,0.578596,1
pose_out_dcsass/Shoplifting036_x264/track_217.npy,1,0.555370,1
pose_out_dcsass/Shoplifting036_x264/track_203.npy,1,0.567680,1
pose_out_dcsass/Shoplifting036_x264/track_3.npy,1,0.571006,1
pose_out_dcsass/Shoplifting036_x264/track_215.npy,1,0.562641,1
pose_out_dcsass/Shoplifting036_x264/track_201.npy,1,0.562509,1
pose_out_dcsass/Shoplifting036_x264/track_52.npy,1,0.565679,1
pose_out_dcsass/Shoplifting036_x264/track_91.npy,1,0.567842,1
pose_out_dcsass/Shoplifting036_x264/track_85.npy,1,0.559648,1
pose_out_dcsass/Shoplifting036_x264/track_177.npy,1,0.557453,1
pose_out_dcsass/Shoplifting036_x264/track_53.npy,1,0.566745,1
pose_out_dcsass/Shoplifting036_x264/track_214.npy,1,0.554487,1
pose_out_dcsass/Shoplifting036_x264/track_210.npy,1,0.561940,1
pose_out_dcsass/Shoplifting036_x264/track_57.npy,1,0.567403,1
pose_out_dcsass/Shoplifting036_x264/track_43.npy,1,0.555738,1
pose_out_dcsass/Shoplifting036_x264/track_94.npy,1,0.576501,1
pose_out_dcsass/Shoplifting036_x264/track_80.npy,1,0.566834,1
pose_out_dcsass/Shoplifting036_x264/track_81.npy,1,0.563032,1
pose_out_dcsass/Shoplifting036_x264/track_7.npy,1,0.558461,1
pose_out_dcsass/Shoplifting036_x264/track_207.npy,1,0.575211,1
pose_out_dcsass/Shoplifting036_x264/track_213.npy,1,0.561675,1
pose_out_dcsass/Shoplifting036_x264/track_68.npy,1,0.560875,1
pose_out_dcsass/Shoplifting036_x264/track_83.npy,1,0.563373,1
pose_out_dcsass/Shoplifting036_x264/track_171.npy,1,0.568880,1
pose_out_dcsass/Shoplifting036_x264/track_165.npy,1,0.567116,1
pose_out_dcsass/Shoplifting036_x264/track_97.npy,1,0.547444,1
pose_out_dcsass/Shoplifting036_x264/track_159.npy,1,0.545523,1
pose_out_dcsass/Shoplifting036_x264/track_158.npy,1,0.572150,1
pose_out_dcsass/Shoplifting036_x264/track_96.npy,1,0.538002,1
pose_out_dcsass/Shoplifting036_x264/track_212.npy,1,0.568432,1
pose_out_dcsass/Shoplifting036_x264/track_58.npy,1,0.570424,1
pose_out_dcsass/Shoplifting036_x264/track_64.npy,1,0.548518,1
pose_out_dcsass/Shoplifting036_x264/track_182.npy,1,0.564682,1
pose_out_dcsass/Shoplifting036_x264/track_155.npy,1,0.565040,1
pose_out_dcsass/Shoplifting036_x264/track_141.npy,1,0.562441,1
pose_out_dcsass/Shoplifting036_x264/track_168.npy,1,0.553164,1
pose_out_dcsass/Shoplifting036_x264/track_65.npy,1,0.561569,1
pose_out_dcsass/Shoplifting036_x264/track_236.npy,1,0.573921,1
pose_out_dcsass/Shoplifting036_x264/track_208.npy,1,0.562985,1
pose_out_dcsass/Shoplifting036_x264/track_234.npy,1,0.563251,1
pose_out_dcsass/Shoplifting036_x264/track_220.npy,1,0.566144,1
pose_out_dcsass/Shoplifting036_x264/track_181.npy,1,0.558133,1
pose_out_dcsass/Shoplifting036_x264/track_73.npy,1,0.571319,1
pose_out_dcsass/Shoplifting036_x264/track_142.npy,1,0.560292,1
pose_out_dcsass/Shoplifting036_x264/track_157.npy,1,0.570911,1
pose_out_dcsass/Shoplifting036_x264/track_99.npy,1,0.555851,1
pose_out_dcsass/Shoplifting036_x264/track_9.npy,1,0.542459,1
pose_out_dcsass/Shoplifting036_x264/track_231.npy,1,0.558989,1
pose_out_dcsass/Shoplifting036_x264/track_225.npy,1,0.572486,1
pose_out_dcsass/Shoplifting036_x264/track_219.npy,1,0.565392,1
pose_out_dcsass/Shoplifting036_x264/track_62.npy,1,0.560671,1
pose_out_dcsass/Shoplifting036_x264/track_147.npy,1,0.549173,1
pose_out_dcsass/Shoplifting036_x264/track_218.npy,1,0.571907,1
pose_out_dcsass/Shoplifting036_x264/track_224.npy,1,0.572438,1
pose_out_dcsass/Shoplifting036_x264/track_230.npy,1,0.577302,1
pose_out_dcsass/Shoplifting036_x264/track_226.npy,1,0.573072,1
pose_out_dcsass/Shoplifting036_x264/track_193.npy,1,0.554480,1
pose_out_dcsass/Shoplifting036_x264/track_75.npy,1,0.560093,1
pose_out_dcsass/Shoplifting036_x264/track_49.npy,1,0.558834,1
pose_out_dcsass/Shoplifting036_x264/track_179.npy,1,0.560127,1
pose_out_dcsass/Shoplifting036_x264/track_145.npy,1,0.568432,1
pose_out_dcsass/Shoplifting036_x264/track_192.npy,1,0.574286,1
pose_out_dcsass/Shoplifting036_x264/track_60.npy,1,0.550192,1
pose_out_dcsass/Shoplifting036_x264/track_227.npy,1,0.565172,1
pose_out_dcsass/Shoplifting036_x264/track_240.npy,1,0.575549,1
pose_out_dcsass/Shoplifting036_x264/track_254.npy,1,0.546721,1
pose_out_dcsass/Shoplifting036_x264/track_122.npy,1,0.546905,1
pose_out_dcsass/Shoplifting036_x264/track_12.npy,1,0.556375,1
pose_out_dcsass/Shoplifting036_x264/track_241.npy,1,0.551930,1
pose_out_dcsass/Shoplifting036_x264/track_257.npy,1,0.568834,1
pose_out_dcsass/Shoplifting036_x264/track_38.npy,1,0.555933,1
pose_out_dcsass/Shoplifting036_x264/track_10.npy,1,0.550755,1
pose_out_dcsass/Shoplifting036_x264/track_11.npy,1,0.563263,1
pose_out_dcsass/Shoplifting036_x264/track_39.npy,1,0.574402,1
pose_out_dcsass/Shoplifting036_x264/track_252.npy,1,0.568979,1
pose_out_dcsass/Shoplifting036_x264/track_246.npy,1,0.570855,1
pose_out_dcsass/Shoplifting036_x264/track_124.npy,1,0.559036,1
pose_out_dcsass/Shoplifting036_x264/track_245.npy,1,0.561548,1
pose_out_dcsass/Shoplifting036_x264/track_251.npy,1,0.570792,1
pose_out_dcsass/Shoplifting036_x264/track_16.npy,1,0.555583,1
pose_out_dcsass/Shoplifting036_x264/track_132.npy,1,0.555966,1
pose_out_dcsass/Shoplifting036_x264/track_17.npy,1,0.547921,1
pose_out_dcsass/Shoplifting036_x264/track_250.npy,1,0.575002,1
pose_out_dcsass/Shoplifting036_x264/track_244.npy,1,0.561013,1
pose_out_dcsass/Shoplifting016_x264/track_2.npy,1,0.553951,1
pose_out_dcsass/Shoplifting016_x264/track_3.npy,1,0.562852,1
pose_out_dcsass/Shoplifting016_x264/track_1.npy,1,0.561852,1
pose_out_dcsass/Shoplifting016_x264/track_5.npy,1,0.564634,1
pose_out_dcsass/Shoplifting016_x264/track_7.npy,1,0.546853,1
pose_out_dcsass/Shoplifting016_x264/track_13.npy,1,0.562637,1
pose_out_dcsass/Shoplifting016_x264/track_12.npy,1,0.540497,1
pose_out_dcsass/Shoplifting016_x264/track_11.npy,1,0.540394,1
pose_out_dcsass/Shoplifting016_x264/track_14.npy,1,0.564366,1
pose_out_dcsass/Shoplifting016_x264/track_16.npy,1,0.562931,1
pose_out_dcsass/Shoplifting007_x264/track_261.npy,1,0.558701,1
pose_out_dcsass/Shoplifting007_x264/track_117.npy,1,0.570528,1
pose_out_dcsass/Shoplifting007_x264/track_116.npy,1,0.548815,1
pose_out_dcsass/Shoplifting007_x264/track_260.npy,1,0.561950,1
pose_out_dcsass/Shoplifting007_x264/track_248.npy,1,0.574182,1
pose_out_dcsass/Shoplifting007_x264/track_19.npy,1,0.550566,1
pose_out_dcsass/Shoplifting007_x264/track_31.npy,1,0.545434,1
pose_out_dcsass/Shoplifting007_x264/track_128.npy,1,0.554350,1
pose_out_dcsass/Shoplifting007_x264/track_100.npy,1,0.569405,1
pose_out_dcsass/Shoplifting007_x264/track_101.npy,1,0.560776,1
pose_out_dcsass/Shoplifting007_x264/track_18.npy,1,0.542962,1
pose_out_dcsass/Shoplifting007_x264/track_263.npy,1,0.564910,1
pose_out_dcsass/Shoplifting007_x264/track_34.npy,1,0.546735,1
pose_out_dcsass/Shoplifting007_x264/track_20.npy,1,0.547341,1
pose_out_dcsass/Shoplifting007_x264/track_105.npy,1,0.558301,1
pose_out_dcsass/Shoplifting007_x264/track_138.npy,1,0.567151,1
pose_out_dcsass/Shoplifting007_x264/track_110.npy,1,0.573076,1
pose_out_dcsass/Shoplifting007_x264/track_104.npy,1,0.564013,1
pose_out_dcsass/Shoplifting007_x264/track_21.npy,1,0.551280,1
pose_out_dcsass/Shoplifting007_x264/track_264.npy,1,0.550600,1
pose_out_dcsass/Shoplifting007_x264/track_258.npy,1,0.554837,1
pose_out_dcsass/Shoplifting007_x264/track_112.npy,1,0.554967,1
pose_out_dcsass/Shoplifting007_x264/track_107.npy,1,0.554485,1
pose_out_dcsass/Shoplifting007_x264/track_113.npy,1,0.564462,1
pose_out_dcsass/Shoplifting007_x264/track_22.npy,1,0.567842,1
pose_out_dcsass/Shoplifting007_x264/track_265.npy,1,0.560564,1
pose_out_dcsass/Shoplifting007_x264/track_2.npy,1,0.555232,1
pose_out_dcsass/Shoplifting007_x264/track_202.npy,1,0.552447,1
pose_out_dcsass/Shoplifting007_x264/track_79.npy,1,0.560757,1
pose_out_dcsass/Shoplifting007_x264/track_45.npy,1,0.570201,1
pose_out_dcsass/Shoplifting007_x264/track_51.npy,1,0.556578,1
pose_out_dcsass/Shoplifting007_x264/track_86.npy,1,0.564698,1
pose_out_dcsass/Shoplifting007_x264/track_93.npy,1,0.550557,1
pose_out_dcsass/Shoplifting007_x264/track_161.npy,1,0.572306,1
pose_out_dcsass/Shoplifting007_x264/track_87.npy,1,0.568073,1
pose_out_dcsass/Shoplifting007_x264/track_149.npy,1,0.559906,1
pose_out_dcsass/Shoplifting007_x264/track_50.npy,1,0.565962,1
pose_out_dcsass/Shoplifting007_x264/track_217.npy,1,0.567553,1
pose_out_dcsass/Shoplifting007_x264/track_3.npy,1,0.571058,1
pose_out_dcsass/Shoplifting007_x264/track_1.npy,1,0.548846,1
pose_out_dcsass/Shoplifting007_x264/track_215.npy,1,0.569406,1
pose_out_dcsass/Shoplifting007_x264/track_201.npy,1,0.557214,1
pose_out_dcsass/Shoplifting007_x264/track_46.npy,1,0.563975,1
pose_out_dcsass/Shoplifting007_x264/track_85.npy,1,0.564063,1
pose_out_dcsass/Shoplifting007_x264/track_176.npy,1,0.576620,1
pose_out_dcsass/Shoplifting007_x264/track_84.npy,1,0.562901,1
pose_out_dcsass/Shoplifting007_x264/track_90.npy,1,0.567429,1
pose_out_dcsass/Shoplifting007_x264/track_47.npy,1,0.570068,1
pose_out_dcsass/Shoplifting007_x264/track_214.npy,1,0.574439,1
pose_out_dcsass/Shoplifting007_x264/track_4.npy,1,0.549738,1
pose_out_dcsass/Shoplifting007_x264/track_204.npy,1,0.543389,1
pose_out_dcsass/Shoplifting007_x264/track_57.npy,1,0.569468,1
pose_out_dcsass/Shoplifting007_x264/track_166.npy,1,0.560937,1
pose_out_dcsass/Shoplifting007_x264/track_80.npy,1,0.558645,1
pose_out_dcsass/Shoplifting007_x264/track_172.npy,1,0.555931,1
pose_out_dcsass/Shoplifting007_x264/track_173.npy,1,0.576617,1
pose_out_dcsass/Shoplifting007_x264/track_198.npy,1,0.554971,1
pose_out_dcsass/Shoplifting007_x264/track_239.npy,1,0.566191,1
pose_out_dcsass/Shoplifting007_x264/track_205.npy,1,0.575329,1
pose_out_dcsass/Shoplifting007_x264/track_211.npy,1,0.552499,1
pose_out_dcsass/Shoplifting007_x264/track_5.npy,1,0.542154,1
pose_out_dcsass/Shoplifting007_x264/track_7.npy,1,0.558994,1
pose_out_dcsass/Shoplifting007_x264/track_213.npy,1,0.552492,1
pose_out_dcsass/Shoplifting007_x264/track_83.npy,1,0.555592,1
pose_out_dcsass/Shoplifting007_x264/track_97.npy,1,0.538779,1
pose_out_dcsass/Shoplifting007_x264/track_159.npy,1,0.572259,1
pose_out_dcsass/Shoplifting007_x264/track_164.npy,1,0.548937,1
pose_out_dcsass/Shoplifting007_x264/track_170.npy,1,0.565671,1
pose_out_dcsass/Shoplifting007_x264/track_69.npy,1,0.564226,1
pose_out_dcsass/Shoplifting007_x264/track_212.npy,1,0.570529,1
pose_out_dcsass/Shoplifting007_x264/track_6.npy,1,0.563383,1
pose_out_dcsass/Shoplifting007_x264/track_223.npy,1,0.555349,1
pose_out_dcsass/Shoplifting007_x264/track_237.npy,1,0.563906,1
pose_out_dcsass/Shoplifting007_x264/track_58.npy,1,0.559755,1
pose_out_dcsass/Shoplifting007_x264/track_64.npy,1,0.560713,1
pose_out_dcsass/Shoplifting007_x264/track_196.npy,1,0.553052,1
pose_out_dcsass/Shoplifting007_x264/track_182.npy,1,0.564294,1
pose_out_dcsass/Shoplifting007_x264/track_169.npy,1,0.557212,1
pose_out_dcsass/Shoplifting007_x264/track_155.npy,1,0.562177,1
pose_out_dcsass/Shoplifting007_x264/track_140.npy,1,0.570711,1
pose_out_dcsass/Shoplifting007_x264/track_183.npy,1,0.560369,1
pose_out_dcsass/Shoplifting007_x264/track_222.npy,1,0.563874,1
pose_out_dcsass/Shoplifting007_x264/track_208.npy,1,0.559281,1
pose_out_dcsass/Shoplifting007_x264/track_220.npy,1,0.553059,1
pose_out_dcsass/Shoplifting007_x264/track_181.npy,1,0.564026,1
pose_out_dcsass/Shoplifting007_x264/track_195.npy,1,0.561140,1
pose_out_dcsass/Shoplifting007_x264/track_142.npy,1,0.559572,1
pose_out_dcsass/Shoplifting007_x264/track_194.npy,1,0.568761,1
pose_out_dcsass/Shoplifting007_x264/track_72.npy,1,0.572079,1
pose_out_dcsass/Shoplifting007_x264/track_180.npy,1,0.572954,1
pose_out_dcsass/Shoplifting007_x264/track_221.npy,1,0.553331,1
pose_out_dcsass/Shoplifting007_x264/track_235.npy,1,0.554115,1
pose_out_dcsass/Shoplifting007_x264/track_9.npy,1,0.559520,1
pose_out_dcsass/Shoplifting007_x264/track_231.npy,1,0.543695,1
pose_out_dcsass/Shoplifting007_x264/track_219.npy,1,0.561940,1
pose_out_dcsass/Shoplifting007_x264/track_62.npy,1,0.558560,1
pose_out_dcsass/Shoplifting007_x264/track_190.npy,1,0.559720,1
pose_out_dcsass/Shoplifting007_x264/track_147.npy,1,0.547494,1
pose_out_dcsass/Shoplifting007_x264/track_153.npy,1,0.563445,1
pose_out_dcsass/Shoplifting007_x264/track_88.npy,1,0.544829,1
pose_out_dcsass/Shoplifting007_x264/track_77.npy,1,0.557722,1
pose_out_dcsass/Shoplifting007_x264/track_218.npy,1,0.555335,1
pose_out_dcsass/Shoplifting007_x264/track_230.npy,1,0.558562,1
pose_out_dcsass/Shoplifting007_x264/track_226.npy,1,0.564471,1
pose_out_dcsass/Shoplifting007_x264/track_232.npy,1,0.553103,1
pose_out_dcsass/Shoplifting007_x264/track_61.npy,1,0.552935,1
pose_out_dcsass/Shoplifting007_x264/track_187.npy,1,0.566671,1
pose_out_dcsass/Shoplifting007_x264/track_49.npy,1,0.565070,1
pose_out_dcsass/Shoplifting007_x264/track_150.npy,1,0.576947,1
pose_out_dcsass/Shoplifting007_x264/track_144.npy,1,0.557883,1
pose_out_dcsass/Shoplifting007_x264/track_48.npy,1,0.559297,1
pose_out_dcsass/Shoplifting007_x264/track_240.npy,1,0.559694,1
pose_out_dcsass/Shoplifting007_x264/track_13.npy,1,0.554759,1
pose_out_dcsass/Shoplifting007_x264/track_136.npy,1,0.561319,1
pose_out_dcsass/Shoplifting007_x264/track_122.npy,1,0.565518,1
pose_out_dcsass/Shoplifting007_x264/track_12.npy,1,0.553041,1
pose_out_dcsass/Shoplifting007_x264/track_241.npy,1,0.549359,1
pose_out_dcsass/Shoplifting007_x264/track_38.npy,1,0.533932,1
pose_out_dcsass/Shoplifting007_x264/track_10.npy,1,0.561915,1
pose_out_dcsass/Shoplifting007_x264/track_121.npy,1,0.547901,1
pose_out_dcsass/Shoplifting007_x264/track_120.npy,1,0.549954,1
pose_out_dcsass/Shoplifting007_x264/track_108.npy,1,0.567957,1
pose_out_dcsass/Shoplifting007_x264/track_39.npy,1,0.542247,1
pose_out_dcsass/Shoplifting007_x264/track_256.npy,1,0.555903,1
pose_out_dcsass/Shoplifting007_x264/track_252.npy,1,0.561720,1
pose_out_dcsass/Shoplifting007_x264/track_15.npy,1,0.554388,1
pose_out_dcsass/Shoplifting007_x264/track_130.npy,1,0.561010,1
pose_out_dcsass/Shoplifting007_x264/track_131.npy,1,0.574108,1
pose_out_dcsass/Shoplifting007_x264/track_28.npy,1,0.567369,1
pose_out_dcsass/Shoplifting007_x264/track_14.npy,1,0.564104,1
pose_out_dcsass/Shoplifting007_x264/track_253.npy,1,0.550044,1
pose_out_dcsass/Shoplifting007_x264/track_245.npy,1,0.560914,1
pose_out_dcsass/Shoplifting007_x264/track_251.npy,1,0.560040,1
pose_out_dcsass/Shoplifting007_x264/track_16.npy,1,0.552783,1
pose_out_dcsass/Shoplifting007_x264/track_17.npy,1,0.559714,1
pose_out_dcsass/Shoplifting007_x264/track_244.npy,1,0.573225,1
pose_out_dcsass/Shoplifting050_x264/track_32.npy,1,0.571812,1
pose_out_dcsass/Shoplifting050_x264/track_103.npy,1,0.571929,1
pose_out_dcsass/Shoplifting050_x264/track_102.npy,1,0.546332,1
pose_out_dcsass/Shoplifting050_x264/track_19.npy,1,0.554979,1
pose_out_dcsass/Shoplifting050_x264/track_31.npy,1,0.550821,1
pose_out_dcsass/Shoplifting050_x264/track_25.npy,1,0.555969,1
pose_out_dcsass/Shoplifting050_x264/track_100.npy,1,0.532496,1
pose_out_dcsass/Shoplifting050_x264/track_101.npy,1,0.554890,1
pose_out_dcsass/Shoplifting050_x264/track_30.npy,1,0.559178,1
pose_out_dcsass/Shoplifting050_x264/track_18.npy,1,0.567456,1
pose_out_dcsass/Shoplifting050_x264/track_20.npy,1,0.560991,1
pose_out_dcsass/Shoplifting050_x264/track_105.npy,1,0.554203,1
pose_out_dcsass/Shoplifting050_x264/track_110.npy,1,0.546389,1
pose_out_dcsass/Shoplifting050_x264/track_104.npy,1,0.564485,1
pose_out_dcsass/Shoplifting050_x264/track_21.npy,1,0.555265,1
pose_out_dcsass/Shoplifting050_x264/track_35.npy,1,0.554462,1
pose_out_dcsass/Shoplifting050_x264/track_23.npy,1,0.553487,1
pose_out_dcsass/Shoplifting050_x264/track_37.npy,1,0.550520,1
pose_out_dcsass/Shoplifting050_x264/track_106.npy,1,0.557995,1
pose_out_dcsass/Shoplifting050_x264/track_107.npy,1,0.571320,1
pose_out_dcsass/Shoplifting050_x264/track_22.npy,1,0.567548,1
pose_out_dcsass/Shoplifting050_x264/track_2.npy,1,0.561597,1
pose_out_dcsass/Shoplifting050_x264/track_79.npy,1,0.564471,1
pose_out_dcsass/Shoplifting050_x264/track_45.npy,1,0.564022,1
pose_out_dcsass/Shoplifting050_x264/track_51.npy,1,0.557783,1
pose_out_dcsass/Shoplifting050_x264/track_86.npy,1,0.552498,1
pose_out_dcsass/Shoplifting050_x264/track_93.npy,1,0.572066,1
pose_out_dcsass/Shoplifting050_x264/track_87.npy,1,0.573895,1
pose_out_dcsass/Shoplifting050_x264/track_50.npy,1,0.566431,1
pose_out_dcsass/Shoplifting050_x264/track_44.npy,1,0.567510,1
pose_out_dcsass/Shoplifting050_x264/track_3.npy,1,0.562615,1
pose_out_dcsass/Shoplifting050_x264/track_1.npy,1,0.562948,1
pose_out_dcsass/Shoplifting050_x264/track_85.npy,1,0.577837,1
pose_out_dcsass/Shoplifting050_x264/track_84.npy,1,0.568192,1
pose_out_dcsass/Shoplifting050_x264/track_90.npy,1,0.560436,1
pose_out_dcsass/Shoplifting050_x264/track_47.npy,1,0.568072,1
pose_out_dcsass/Shoplifting050_x264/track_53.npy,1,0.568300,1
pose_out_dcsass/Shoplifting050_x264/track_4.npy,1,0.543501,1
pose_out_dcsass/Shoplifting050_x264/track_57.npy,1,0.550413,1
pose_out_dcsass/Shoplifting050_x264/track_43.npy,1,0.562303,1
pose_out_dcsass/Shoplifting050_x264/track_94.npy,1,0.545603,1
pose_out_dcsass/Shoplifting050_x264/track_80.npy,1,0.562818,1
pose_out_dcsass/Shoplifting050_x264/track_81.npy,1,0.559196,1
pose_out_dcsass/Shoplifting050_x264/track_95.npy,1,0.564886,1
pose_out_dcsass/Shoplifting050_x264/track_56.npy,1,0.579488,1
pose_out_dcsass/Shoplifting050_x264/track_5.npy,1,0.562768,1
pose_out_dcsass/Shoplifting050_x264/track_7.npy,1,0.580526,1
pose_out_dcsass/Shoplifting050_x264/track_40.npy,1,0.554411,1
pose_out_dcsass/Shoplifting050_x264/track_54.npy,1,0.560047,1
pose_out_dcsass/Shoplifting050_x264/track_68.npy,1,0.537461,1
pose_out_dcsass/Shoplifting050_x264/track_83.npy,1,0.563154,1
pose_out_dcsass/Shoplifting050_x264/track_97.npy,1,0.551515,1
pose_out_dcsass/Shoplifting050_x264/track_82.npy,1,0.570067,1
pose_out_dcsass/Shoplifting050_x264/track_55.npy,1,0.566552,1
pose_out_dcsass/Shoplifting050_x264/track_41.npy,1,0.556887,1
pose_out_dcsass/Shoplifting050_x264/track_6.npy,1,0.563250,1
pose_out_dcsass/Shoplifting050_x264/track_58.npy,1,0.560540,1
pose_out_dcsass/Shoplifting050_x264/track_64.npy,1,0.550963,1
pose_out_dcsass/Shoplifting050_x264/track_71.npy,1,0.565789,1
pose_out_dcsass/Shoplifting050_x264/track_65.npy,1,0.551497,1
pose_out_dcsass/Shoplifting050_x264/track_59.npy,1,0.565238,1
pose_out_dcsass/Shoplifting050_x264/track_8.npy,1,0.554598,1
pose_out_dcsass/Shoplifting050_x264/track_67.npy,1,0.570547,1
pose_out_dcsass/Shoplifting050_x264/track_99.npy,1,0.554219,1
pose_out_dcsass/Shoplifting050_x264/track_66.npy,1,0.545188,1
pose_out_dcsass/Shoplifting050_x264/track_72.npy,1,0.576654,1
pose_out_dcsass/Shoplifting050_x264/track_76.npy,1,0.563418,1
pose_out_dcsass/Shoplifting050_x264/track_62.npy,1,0.557336,1
pose_out_dcsass/Shoplifting050_x264/track_89.npy,1,0.568986,1
pose_out_dcsass/Shoplifting050_x264/track_88.npy,1,0.553344,1
pose_out_dcsass/Shoplifting050_x264/track_63.npy,1,0.542169,1
pose_out_dcsass/Shoplifting050_x264/track_77.npy,1,0.577992,1
pose_out_dcsass/Shoplifting050_x264/track_61.npy,1,0.552342,1
pose_out_dcsass/Shoplifting050_x264/track_75.npy,1,0.550394,1
pose_out_dcsass/Shoplifting050_x264/track_49.npy,1,0.563556,1
pose_out_dcsass/Shoplifting050_x264/track_74.npy,1,0.539277,1
pose_out_dcsass/Shoplifting050_x264/track_60.npy,1,0.558670,1
pose_out_dcsass/Shoplifting050_x264/track_13.npy,1,0.569356,1
pose_out_dcsass/Shoplifting050_x264/track_12.npy,1,0.564426,1
pose_out_dcsass/Shoplifting050_x264/track_38.npy,1,0.558230,1
pose_out_dcsass/Shoplifting050_x264/track_10.npy,1,0.578869,1
pose_out_dcsass/Shoplifting050_x264/track_11.npy,1,0.558866,1
pose_out_dcsass/Shoplifting050_x264/track_39.npy,1,0.552219,1
pose_out_dcsass/Shoplifting050_x264/track_15.npy,1,0.554556,1
pose_out_dcsass/Shoplifting050_x264/track_17.npy,1,0.557368,1
pose_out_dcsass/Shoplifting006_x264/track_117.npy,1,0.534052,1
pose_out_dcsass/Shoplifting006_x264/track_102.npy,1,0.553112,1
pose_out_dcsass/Shoplifting006_x264/track_116.npy,1,0.532090,1
pose_out_dcsass/Shoplifting006_x264/track_25.npy,1,0.544272,1
pose_out_dcsass/Shoplifting006_x264/track_114.npy,1,0.573555,1
pose_out_dcsass/Shoplifting006_x264/track_24.npy,1,0.570832,1
pose_out_dcsass/Shoplifting006_x264/track_18.npy,1,0.560708,1
pose_out_dcsass/Shoplifting006_x264/track_34.npy,1,0.569493,1
pose_out_dcsass/Shoplifting006_x264/track_20.npy,1,0.545077,1
pose_out_dcsass/Shoplifting006_x264/track_105.npy,1,0.558458,1
pose_out_dcsass/Shoplifting006_x264/track_139.npy,1,0.548719,1
pose_out_dcsass/Shoplifting006_x264/track_138.npy,1,0.563280,1
pose_out_dcsass/Shoplifting006_x264/track_21.npy,1,0.540090,1
pose_out_dcsass/Shoplifting006_x264/track_112.npy,1,0.539815,1
pose_out_dcsass/Shoplifting006_x264/track_2.npy,1,0.544686,1
pose_out_dcsass/Shoplifting006_x264/track_45.npy,1,0.537361,1
pose_out_dcsass/Shoplifting006_x264/track_148.npy,1,0.562693,1
pose_out_dcsass/Shoplifting006_x264/track_86.npy,1,0.579008,1
pose_out_dcsass/Shoplifting006_x264/track_174.npy,1,0.556870,1
pose_out_dcsass/Shoplifting006_x264/track_92.npy,1,0.556427,1
pose_out_dcsass/Shoplifting006_x264/track_161.npy,1,0.573311,1
pose_out_dcsass/Shoplifting006_x264/track_175.npy,1,0.565074,1
pose_out_dcsass/Shoplifting006_x264/track_78.npy,1,0.568133,1
pose_out_dcsass/Shoplifting006_x264/track_3.npy,1,0.567211,1
pose_out_dcsass/Shoplifting006_x264/track_1.npy,1,0.538839,1
pose_out_dcsass/Shoplifting006_x264/track_52.npy,1,0.576259,1
pose_out_dcsass/Shoplifting006_x264/track_163.npy,1,0.570781,1
pose_out_dcsass/Shoplifting006_x264/track_91.npy,1,0.564718,1
pose_out_dcsass/Shoplifting006_x264/track_85.npy,1,0.562098,1
pose_out_dcsass/Shoplifting006_x264/track_177.npy,1,0.566180,1
pose_out_dcsass/Shoplifting006_x264/track_176.npy,1,0.564456,1
pose_out_dcsass/Shoplifting006_x264/track_162.npy,1,0.541580,1
pose_out_dcsass/Shoplifting006_x264/track_4.npy,1,0.573105,1
pose_out_dcsass/Shoplifting006_x264/track_57.npy,1,0.571208,1
pose_out_dcsass/Shoplifting006_x264/track_166.npy,1,0.555162,1
pose_out_dcsass/Shoplifting006_x264/track_172.npy,1,0.571833,1
pose_out_dcsass/Shoplifting006_x264/track_173.npy,1,0.570216,1
pose_out_dcsass/Shoplifting006_x264/track_81.npy,1,0.538982,1
pose_out_dcsass/Shoplifting006_x264/track_42.npy,1,0.561425,1
pose_out_dcsass/Shoplifting006_x264/track_56.npy,1,0.577308,1
pose_out_dcsass/Shoplifting006_x264/track_40.npy,1,0.550960,1
pose_out_dcsass/Shoplifting006_x264/track_171.npy,1,0.567393,1
pose_out_dcsass/Shoplifting006_x264/track_165.npy,1,0.560950,1
pose_out_dcsass/Shoplifting006_x264/track_97.npy,1,0.566310,1
pose_out_dcsass/Shoplifting006_x264/track_159.npy,1,0.561050,1
pose_out_dcsass/Shoplifting006_x264/track_96.npy,1,0.561642,1
pose_out_dcsass/Shoplifting006_x264/track_82.npy,1,0.530172,1
pose_out_dcsass/Shoplifting006_x264/track_69.npy,1,0.527030,1
pose_out_dcsass/Shoplifting006_x264/track_55.npy,1,0.539489,1
pose_out_dcsass/Shoplifting006_x264/track_6.npy,1,0.556501,1
pose_out_dcsass/Shoplifting006_x264/track_58.npy,1,0.545768,1
pose_out_dcsass/Shoplifting006_x264/track_64.npy,1,0.563111,1
pose_out_dcsass/Shoplifting006_x264/track_182.npy,1,0.572763,1
pose_out_dcsass/Shoplifting006_x264/track_70.npy,1,0.559889,1
pose_out_dcsass/Shoplifting006_x264/track_169.npy,1,0.554086,1
pose_out_dcsass/Shoplifting006_x264/track_140.npy,1,0.577369,1
pose_out_dcsass/Shoplifting006_x264/track_154.npy,1,0.580204,1
pose_out_dcsass/Shoplifting006_x264/track_8.npy,1,0.559575,1
pose_out_dcsass/Shoplifting006_x264/track_181.npy,1,0.569678,1
pose_out_dcsass/Shoplifting006_x264/track_98.npy,1,0.543388,1
pose_out_dcsass/Shoplifting006_x264/track_156.npy,1,0.561612,1
pose_out_dcsass/Shoplifting006_x264/track_157.npy,1,0.546820,1
pose_out_dcsass/Shoplifting006_x264/track_143.npy,1,0.568962,1
pose_out_dcsass/Shoplifting006_x264/track_66.npy,1,0.555957,1
pose_out_dcsass/Shoplifting006_x264/track_180.npy,1,0.565749,1
pose_out_dcsass/Shoplifting006_x264/track_9.npy,1,0.533281,1
pose_out_dcsass/Shoplifting006_x264/track_76.npy,1,0.556899,1
pose_out_dcsass/Shoplifting006_x264/track_62.npy,1,0.545951,1
pose_out_dcsass/Shoplifting006_x264/track_147.npy,1,0.556935,1
pose_out_dcsass/Shoplifting006_x264/track_153.npy,1,0.541236,1
pose_out_dcsass/Shoplifting006_x264/track_152.npy,1,0.582663,1
pose_out_dcsass/Shoplifting006_x264/track_63.npy,1,0.551312,1
pose_out_dcsass/Shoplifting006_x264/track_77.npy,1,0.558006,1
pose_out_dcsass/Shoplifting006_x264/track_144.npy,1,0.567991,1
pose_out_dcsass/Shoplifting006_x264/track_179.npy,1,0.567621,1
pose_out_dcsass/Shoplifting006_x264/track_145.npy,1,0.532851,1
pose_out_dcsass/Shoplifting006_x264/track_151.npy,1,0.582587,1
pose_out_dcsass/Shoplifting006_x264/track_48.npy,1,0.547586,1
pose_out_dcsass/Shoplifting006_x264/track_13.npy,1,0.549906,1
pose_out_dcsass/Shoplifting006_x264/track_136.npy,1,0.572371,1
pose_out_dcsass/Shoplifting006_x264/track_137.npy,1,0.564733,1
pose_out_dcsass/Shoplifting006_x264/track_38.npy,1,0.554040,1
pose_out_dcsass/Shoplifting006_x264/track_121.npy,1,0.535245,1
pose_out_dcsass/Shoplifting006_x264/track_135.npy,1,0.578451,1
pose_out_dcsass/Shoplifting006_x264/track_134.npy,1,0.579546,1
pose_out_dcsass/Shoplifting006_x264/track_108.npy,1,0.540178,1
pose_out_dcsass/Shoplifting006_x264/track_11.npy,1,0.558590,1
pose_out_dcsass/Shoplifting006_x264/track_39.npy,1,0.568814,1
pose_out_dcsass/Shoplifting006_x264/track_15.npy,1,0.551404,1
pose_out_dcsass/Shoplifting006_x264/track_29.npy,1,0.551832,1
pose_out_dcsass/Shoplifting006_x264/track_124.npy,1,0.541978,1
pose_out_dcsass/Shoplifting006_x264/track_130.npy,1,0.562515,1
pose_out_dcsass/Shoplifting006_x264/track_119.npy,1,0.539848,1
pose_out_dcsass/Shoplifting006_x264/track_125.npy,1,0.573443,1
pose_out_dcsass/Shoplifting006_x264/track_14.npy,1,0.534453,1
pose_out_dcsass/Shoplifting006_x264/track_133.npy,1,0.549289,1
pose_out_dcsass/Shoplifting006_x264/track_126.npy,1,0.525897,1
pose_out_dcsass/Shoplifting006_x264/track_132.npy,1,0.538427,1
pose_out_dcsass/Shoplifting006_x264/track_17.npy,1,0.542215,1
pose_out_dcsass/Shoplifting010_x264/track_26.npy,1,0.544884,1
pose_out_dcsass/Shoplifting010_x264/track_32.npy,1,0.555417,1
pose_out_dcsass/Shoplifting010_x264/track_33.npy,1,0.555492,1
pose_out_dcsass/Shoplifting010_x264/track_27.npy,1,0.560114,1
pose_out_dcsass/Shoplifting010_x264/track_25.npy,1,0.541398,1
pose_out_dcsass/Shoplifting010_x264/track_24.npy,1,0.569330,1
pose_out_dcsass/Shoplifting010_x264/track_30.npy,1,0.545548,1
pose_out_dcsass/Shoplifting010_x264/track_35.npy,1,0.555274,1
pose_out_dcsass/Shoplifting010_x264/track_23.npy,1,0.556397,1
pose_out_dcsass/Shoplifting010_x264/track_37.npy,1,0.557680,1
pose_out_dcsass/Shoplifting010_x264/track_45.npy,1,0.568604,1
pose_out_dcsass/Shoplifting010_x264/track_3.npy,1,0.550589,1
pose_out_dcsass/Shoplifting010_x264/track_1.npy,1,0.561730,1
pose_out_dcsass/Shoplifting010_x264/track_46.npy,1,0.561015,1
pose_out_dcsass/Shoplifting010_x264/track_47.npy,1,0.570743,1
pose_out_dcsass/Shoplifting010_x264/track_43.npy,1,0.560692,1
pose_out_dcsass/Shoplifting010_x264/track_7.npy,1,0.570373,1
pose_out_dcsass/Shoplifting010_x264/track_40.npy,1,0.562168,1
pose_out_dcsass/Shoplifting010_x264/track_41.npy,1,0.563159,1
pose_out_dcsass/Shoplifting010_x264/track_10.npy,1,0.563146,1
pose_out_dcsass/Shoplifting010_x264/track_39.npy,1,0.558936,1
pose_out_dcsass/Shoplifting010_x264/track_15.npy,1,0.544226,1
pose_out_dcsass/Shoplifting010_x264/track_29.npy,1,0.544188,1
pose_out_dcsass/Shoplifting010_x264/track_16.npy,1,0.553851,1
pose_out_dcsass/Shoplifting010_x264/track_17.npy,1,0.566450,1
pose_out_dcsass/Shoplifting047_x264/track_26.npy,1,0.557135,1
pose_out_dcsass/Shoplifting047_x264/track_116.npy,1,0.566766,1
pose_out_dcsass/Shoplifting047_x264/track_19.npy,1,0.558262,1
pose_out_dcsass/Shoplifting047_x264/track_31.npy,1,0.554371,1
pose_out_dcsass/Shoplifting047_x264/track_25.npy,1,0.553836,1
pose_out_dcsass/Shoplifting047_x264/track_114.npy,1,0.553801,1
pose_out_dcsass/Shoplifting047_x264/track_101.npy,1,0.540793,1
pose_out_dcsass/Shoplifting047_x264/track_24.npy,1,0.572327,1
pose_out_dcsass/Shoplifting047_x264/track_30.npy,1,0.554751,1
pose_out_dcsass/Shoplifting047_x264/track_20.npy,1,0.549892,1
pose_out_dcsass/Shoplifting047_x264/track_138.npy,1,0.550614,1
pose_out_dcsass/Shoplifting047_x264/track_110.npy,1,0.553904,1
pose_out_dcsass/Shoplifting047_x264/track_21.npy,1,0.552393,1
pose_out_dcsass/Shoplifting047_x264/track_37.npy,1,0.557526,1
pose_out_dcsass/Shoplifting047_x264/track_112.npy,1,0.549416,1
pose_out_dcsass/Shoplifting047_x264/track_107.npy,1,0.550078,1
pose_out_dcsass/Shoplifting047_x264/track_113.npy,1,0.557083,1
pose_out_dcsass/Shoplifting047_x264/track_45.npy,1,0.564243,1
pose_out_dcsass/Shoplifting047_x264/track_86.npy,1,0.545129,1
pose_out_dcsass/Shoplifting047_x264/track_87.npy,1,0.574341,1
pose_out_dcsass/Shoplifting047_x264/track_50.npy,1,0.567835,1
pose_out_dcsass/Shoplifting047_x264/track_78.npy,1,0.563453,1
pose_out_dcsass/Shoplifting047_x264/track_91.npy,1,0.570542,1
pose_out_dcsass/Shoplifting047_x264/track_47.npy,1,0.566345,1
pose_out_dcsass/Shoplifting047_x264/track_4.npy,1,0.548331,1
pose_out_dcsass/Shoplifting047_x264/track_81.npy,1,0.547574,1
pose_out_dcsass/Shoplifting047_x264/track_56.npy,1,0.559179,1
pose_out_dcsass/Shoplifting047_x264/track_5.npy,1,0.557488,1
pose_out_dcsass/Shoplifting047_x264/track_7.npy,1,0.553224,1
pose_out_dcsass/Shoplifting047_x264/track_54.npy,1,0.567337,1
pose_out_dcsass/Shoplifting047_x264/track_96.npy,1,0.561900,1
pose_out_dcsass/Shoplifting047_x264/track_82.npy,1,0.547447,1
pose_out_dcsass/Shoplifting047_x264/track_55.npy,1,0.563038,1
pose_out_dcsass/Shoplifting047_x264/track_70.npy,1,0.544276,1
pose_out_dcsass/Shoplifting047_x264/track_8.npy,1,0.549922,1
pose_out_dcsass/Shoplifting047_x264/track_67.npy,1,0.555789,1
pose_out_dcsass/Shoplifting047_x264/track_143.npy,1,0.561011,1
pose_out_dcsass/Shoplifting047_x264/track_99.npy,1,0.558280,1
pose_out_dcsass/Shoplifting047_x264/track_9.npy,1,0.546018,1
pose_out_dcsass/Shoplifting047_x264/track_76.npy,1,0.559299,1
pose_out_dcsass/Shoplifting047_x264/track_62.npy,1,0.567157,1
pose_out_dcsass/Shoplifting047_x264/track_89.npy,1,0.544634,1
pose_out_dcsass/Shoplifting047_x264/track_63.npy,1,0.558395,1
pose_out_dcsass/Shoplifting047_x264/track_77.npy,1,0.550217,1
pose_out_dcsass/Shoplifting047_x264/track_61.npy,1,0.547040,1
pose_out_dcsass/Shoplifting047_x264/track_74.npy,1,0.543222,1
pose_out_dcsass/Shoplifting047_x264/track_60.npy,1,0.548922,1
pose_out_dcsass/Shoplifting047_x264/track_38.npy,1,0.551935,1
pose_out_dcsass/Shoplifting047_x264/track_135.npy,1,0.549990,1
pose_out_dcsass/Shoplifting047_x264/track_11.npy,1,0.540479,1
pose_out_dcsass/Shoplifting047_x264/track_39.npy,1,0.557661,1
pose_out_dcsass/Shoplifting047_x264/track_124.npy,1,0.562450,1
pose_out_dcsass/Shoplifting047_x264/track_119.npy,1,0.558461,1
pose_out_dcsass/Shoplifting047_x264/track_132.npy,1,0.550613,1
pose_out_dcsass/Shoplifting047_x264/track_17.npy,1,0.547915,1
pose_out_dcsass/Shoplifting026_x264/track_26.npy,1,0.547088,1
pose_out_dcsass/Shoplifting026_x264/track_19.npy,1,0.551478,1
pose_out_dcsass/Shoplifting026_x264/track_20.npy,1,0.549320,1
pose_out_dcsass/Shoplifting026_x264/track_21.npy,1,0.526698,1
pose_out_dcsass/Shoplifting026_x264/track_23.npy,1,0.552241,1
pose_out_dcsass/Shoplifting026_x264/track_22.npy,1,0.550302,1
pose_out_dcsass/Shoplifting026_x264/track_2.npy,1,0.550682,1
pose_out_dcsass/Shoplifting026_x264/track_1.npy,1,0.550128,1
pose_out_dcsass/Shoplifting026_x264/track_4.npy,1,0.556440,1
pose_out_dcsass/Shoplifting026_x264/track_5.npy,1,0.538355,1
pose_out_dcsass/Shoplifting026_x264/track_7.npy,1,0.546215,1
pose_out_dcsass/Shoplifting026_x264/track_8.npy,1,0.550426,1
pose_out_dcsass/Shoplifting026_x264/track_13.npy,1,0.533870,1
pose_out_dcsass/Shoplifting026_x264/track_11.npy,1,0.549361,1
pose_out_dcsass/Shoplifting026_x264/track_14.npy,1,0.553679,1
pose_out_dcsass/Shoplifting026_x264/track_16.npy,1,0.543043,1
pose_out_dcsass/Shoplifting026_x264/track_17.npy,1,0.550042,1
pose_out_ucsd_neg/sequence/track_26.npy,0,0.540308,1
pose_out_ucsd_neg/sequence/track_32.npy,0,0.538269,1
pose_out_ucsd_neg/sequence/track_33.npy,0,0.543596,1
pose_out_ucsd_neg/sequence/track_27.npy,0,0.547541,1
pose_out_ucsd_neg/sequence/track_19.npy,0,0.535721,1
pose_out_ucsd_neg/sequence/track_31.npy,0,0.540281,1
pose_out_ucsd_neg/sequence/track_25.npy,0,0.539110,1
pose_out_ucsd_neg/sequence/track_101.npy,0,0.543417,1
pose_out_ucsd_neg/sequence/track_24.npy,0,0.540967,1
pose_out_ucsd_neg/sequence/track_30.npy,0,0.537673,1
pose_out_ucsd_neg/sequence/track_18.npy,0,0.538141,1
pose_out_ucsd_neg/sequence/track_34.npy,0,0.540767,1
pose_out_ucsd_neg/sequence/track_20.npy,0,0.537426,1
pose_out_ucsd_neg/sequence/track_110.npy,0,0.541601,1
pose_out_ucsd_neg/sequence/track_104.npy,0,0.542954,1
pose_out_ucsd_neg/sequence/track_21.npy,0,0.542909,1
pose_out_ucsd_neg/sequence/track_35.npy,0,0.553344,1
pose_out_ucsd_neg/sequence/track_23.npy,0,0.535660,1
pose_out_ucsd_neg/sequence/track_37.npy,0,0.541371,1
pose_out_ucsd_neg/sequence/track_36.npy,0,0.544142,1
pose_out_ucsd_neg/sequence/track_22.npy,0,0.536801,1
pose_out_ucsd_neg/sequence/track_2.npy,0,0.534003,1
pose_out_ucsd_neg/sequence/track_79.npy,0,0.539587,1
pose_out_ucsd_neg/sequence/track_45.npy,0,0.538683,1
pose_out_ucsd_neg/sequence/track_51.npy,0,0.537319,1
pose_out_ucsd_neg/sequence/track_86.npy,0,0.538516,1
pose_out_ucsd_neg/sequence/track_87.npy,0,0.544699,1
pose_out_ucsd_neg/sequence/track_50.npy,0,0.550251,1
pose_out_ucsd_neg/sequence/track_44.npy,0,0.533780,1
pose_out_ucsd_neg/sequence/track_78.npy,0,0.541713,1
pose_out_ucsd_neg/sequence/track_3.npy,0,0.538623,1
pose_out_ucsd_neg/sequence/track_1.npy,0,0.552726,1
pose_out_ucsd_neg/sequence/track_52.npy,0,0.541389,1
pose_out_ucsd_neg/sequence/track_46.npy,0,0.538032,1
pose_out_ucsd_neg/sequence/track_85.npy,0,0.538352,1
pose_out_ucsd_neg/sequence/track_84.npy,0,0.544048,1
pose_out_ucsd_neg/sequence/track_90.npy,0,0.546694,1
pose_out_ucsd_neg/sequence/track_47.npy,0,0.541880,1
pose_out_ucsd_neg/sequence/track_53.npy,0,0.540079,1
pose_out_ucsd_neg/sequence/track_4.npy,0,0.541945,1
pose_out_ucsd_neg/sequence/track_57.npy,0,0.552500,1
pose_out_ucsd_neg/sequence/track_43.npy,0,0.541335,1
pose_out_ucsd_neg/sequence/track_94.npy,0,0.533566,1
pose_out_ucsd_neg/sequence/track_80.npy,0,0.543248,1
pose_out_ucsd_neg/sequence/track_42.npy,0,0.537524,1
pose_out_ucsd_neg/sequence/track_56.npy,0,0.545188,1
pose_out_ucsd_neg/sequence/track_5.npy,0,0.541548,1
pose_out_ucsd_neg/sequence/track_7.npy,0,0.535910,1
pose_out_ucsd_neg/sequence/track_40.npy,0,0.540942,1
pose_out_ucsd_neg/sequence/track_54.npy,0,0.537166,1
pose_out_ucsd_neg/sequence/track_68.npy,0,0.555832,1
pose_out_ucsd_neg/sequence/track_83.npy,0,0.543376,1
pose_out_ucsd_neg/sequence/track_82.npy,0,0.543294,1
pose_out_ucsd_neg/sequence/track_69.npy,0,0.543075,1
pose_out_ucsd_neg/sequence/track_55.npy,0,0.539796,1
pose_out_ucsd_neg/sequence/track_41.npy,0,0.540320,1
pose_out_ucsd_neg/sequence/track_6.npy,0,0.542195,1
pose_out_ucsd_neg/sequence/track_58.npy,0,0.556098,1
pose_out_ucsd_neg/sequence/track_64.npy,0,0.539564,1
pose_out_ucsd_neg/sequence/track_70.npy,0,0.540034,1
pose_out_ucsd_neg/sequence/track_71.npy,0,0.540667,1
pose_out_ucsd_neg/sequence/track_65.npy,0,0.547827,1
pose_out_ucsd_neg/sequence/track_59.npy,0,0.536972,1
pose_out_ucsd_neg/sequence/track_8.npy,0,0.538936,1
pose_out_ucsd_neg/sequence/track_73.npy,0,0.540361,1
pose_out_ucsd_neg/sequence/track_67.npy,0,0.557775,1
pose_out_ucsd_neg/sequence/track_99.npy,0,0.541796,1
pose_out_ucsd_neg/sequence/track_66.npy,0,0.544309,1
pose_out_ucsd_neg/sequence/track_72.npy,0,0.539565,1
pose_out_ucsd_neg/sequence/track_9.npy,0,0.560241,1
pose_out_ucsd_neg/sequence/track_76.npy,0,0.548043,1
pose_out_ucsd_neg/sequence/track_62.npy,0,0.539594,1
pose_out_ucsd_neg/sequence/track_89.npy,0,0.538878,1
pose_out_ucsd_neg/sequence/track_88.npy,0,0.541539,1
pose_out_ucsd_neg/sequence/track_63.npy,0,0.539142,1
pose_out_ucsd_neg/sequence/track_77.npy,0,0.545688,1
pose_out_ucsd_neg/sequence/track_61.npy,0,0.539948,1
pose_out_ucsd_neg/sequence/track_49.npy,0,0.532869,1
pose_out_ucsd_neg/sequence/track_48.npy,0,0.544227,1
pose_out_ucsd_neg/sequence/track_74.npy,0,0.534759,1
pose_out_ucsd_neg/sequence/track_60.npy,0,0.545195,1
pose_out_ucsd_neg/sequence/track_13.npy,0,0.542738,1
pose_out_ucsd_neg/sequence/track_12.npy,0,0.544666,1
pose_out_ucsd_neg/sequence/track_38.npy,0,0.546587,1
pose_out_ucsd_neg/sequence/track_10.npy,0,0.537989,1
pose_out_ucsd_neg/sequence/track_11.npy,0,0.541956,1
pose_out_ucsd_neg/sequence/track_39.npy,0,0.540267,1
pose_out_ucsd_neg/sequence/track_15.npy,0,0.538994,1
pose_out_ucsd_neg/sequence/track_29.npy,0,0.536725,1
pose_out_ucsd_neg/sequence/track_28.npy,0,0.540066,1
pose_out_ucsd_neg/sequence/track_14.npy,0,0.539391,1
pose_out_ucsd_neg/sequence/track_16.npy,0,0.544527,1
pose_out_ucsd_neg/sequence/track_17.npy,0,0.542060,1
